violation_id,session_id,driver,lap_number,corner,start_time_sec,end_time_sec,duration_sec,speed_kph,peak_breach_m,telemetry_x,telemetry_y,sample_count,detection_source,confidence_score,fia_ground_truth,fia_official_reason
VIO-AUT23-HAM-L1-Turn1,2023_Austrian_Grand_Prix_Race,HAM,1,Turn 1,6.46,8.36,1.89,191.5,1.45,-372.94,-108.11,15,SPATIAL_SHAPELY,0.82,False,Unpenalized Excursion / Sub-Threshold
VIO-AUT23-HAM-L1-Turn3,2023_Austrian_Grand_Prix_Race,HAM,1,Turn 3,25.55,25.88,0.33,61.0,1.09,-950.95,658.9,2,SPATIAL_SHAPELY,0.79,False,Unpenalized Excursion / Sub-Threshold
VIO-AUT23-HAM-L1-Turn4,2023_Austrian_Grand_Prix_Race,HAM,1,Turn 4,40.8,44.18,3.39,151.0,5.74,-179.98,509.57,24,SPATIAL_SHAPELY,0.99,False,Unpenalized Excursion / Sub-Threshold
VIO-AUT23-HAM-L1-Turn6,2023_Austrian_Grand_Prix_Race,HAM,1,Turn 6,49.26,50.08,0.81,173.0,1.49,-571.28,460.44,8,SPATIAL_SHAPELY,0.82,False,Unpenalized Excursion / Sub-Threshold
VIO-AUT23-HAM-L1-Turn7,2023_Austrian_Grand_Prix_Race,HAM,1,Turn 7,57.24,58.8,1.55,216.0,6.68,-370.12,248.97,14,SPATIAL_SHAPELY,0.99,False,Unpenalized Excursion / Sub-Threshold
VIO-AUT23-HAM-L1-Turn9,2023_Austrian_Grand_Prix_Race,HAM,1,Turn 9,65.68,66.36,0.67,230.7,2.7,215.35,307.1,7,SPATIAL_SHAPELY,0.92,False,Unpenalized Excursion / Sub-Threshold
VIO-AUT23-HAM-L1-Turn10,2023_Austrian_Grand_Prix_Race,HAM,1,Turn 10,74.16,84.37,10.21,126.6,1.98,3.58,-6.58,78,SPATIAL_SHAPELY,0.86,False,Unpenalized Excursion / Sub-Threshold
VIO-AUT23-HAM-L2-Turn1,2023_Austrian_Grand_Prix_Race,HAM,2,Turn 1,5.07,11.06,6.0,138.7,1.41,-364.89,-105.92,47,SPATIAL_SHAPELY,0.81,False,Unpenalized Excursion / Sub-Threshold
VIO-AUT23-HAM-L2-Turn3,2023_Austrian_Grand_Prix_Race,HAM,2,Turn 3,32.1,34.19,2.09,122.0,5.2,-942.21,617.39,18,SPATIAL_SHAPELY,0.99,False,Unpenalized Excursion / Sub-Threshold
VIO-AUT23-HAM-L2-Turn4,2023_Austrian_Grand_Prix_Race,HAM,2,Turn 4,56.14,61.99,5.85,58.0,5.46,-172.05,520.15,46,SPATIAL_SHAPELY,0.99,False,Unpenalized Excursion / Sub-Threshold
VIO-AUT23-HAM-L2-Turn6,2023_Austrian_Grand_Prix_Race,HAM,2,Turn 6,68.46,69.63,1.17,183.0,1.62,-560.3,465.4,11,SPATIAL_SHAPELY,0.83,False,Unpenalized Excursion / Sub-Threshold
VIO-AUT23-HAM-L2-Turn7,2023_Austrian_Grand_Prix_Race,HAM,2,Turn 7,81.06,84.19,3.13,123.0,6.66,-366.66,252.13,24,SPATIAL_SHAPELY,0.99,False,Unpenalized Excursion / Sub-Threshold
VIO-AUT23-HAM-L2-Turn9,2023_Austrian_Grand_Prix_Race,HAM,2,Turn 9,94.09,95.54,1.45,136.4,2.85,224.01,302.61,12,SPATIAL_SHAPELY,0.93,False,Unpenalized Excursion / Sub-Threshold
VIO-AUT23-HAM-L3-Turn1,2023_Austrian_Grand_Prix_Race,HAM,3,Turn 1,9.13,20.2,11.07,73.5,7.62,-428.53,-102.22,82,SPATIAL_SHAPELY,0.99,False,Unpenalized Excursion / Sub-Threshold
VIO-AUT23-HAM-L3-Turn3,2023_Austrian_Grand_Prix_Race,HAM,3,Turn 3,37.49,39.88,2.4,84.9,5.2,-943.21,618.38,19,SPATIAL_SHAPELY,0.99,False,Unpenalized Excursion / Sub-Threshold
VIO-AUT23-HAM-L3-Turn4,2023_Austrian_Grand_Prix_Race,HAM,3,Turn 4,60.97,66.64,5.67,63.0,5.45,-170.25,522.55,42,SPATIAL_SHAPELY,0.99,False,Unpenalized Excursion / Sub-Threshold
VIO-AUT23-HAM-L3-Turn6,2023_Austrian_Grand_Prix_Race,HAM,3,Turn 6,71.93,73.84,1.92,152.0,1.58,-566.51,462.73,17,SPATIAL_SHAPELY,0.83,False,Unpenalized Excursion / Sub-Threshold
VIO-AUT23-HAM-L3-Turn7,2023_Austrian_Grand_Prix_Race,HAM,3,Turn 7,93.13,98.57,5.44,77.0,6.69,-369.66,249.38,38,SPATIAL_SHAPELY,0.99,False,Unpenalized Excursion / Sub-Threshold
VIO-AUT23-HAM-L3-Turn9,2023_Austrian_Grand_Prix_Race,HAM,3,Turn 9,110.01,110.75,0.74,198.0,2.84,215.57,306.86,7,SPATIAL_SHAPELY,0.93,False,Unpenalized Excursion / Sub-Threshold
VIO-AUT23-HAM-L3-Turn10,2023_Austrian_Grand_Prix_Race,HAM,3,Turn 10,114.85,116.73,1.88,164.8,6.22,273.85,79.38,16,SPATIAL_SHAPELY,0.99,False,Unpenalized Excursion / Sub-Threshold
VIO-AUT23-HAM-L4-Turn1,2023_Austrian_Grand_Prix_Race,HAM,4,Turn 1,2.59,4.98,2.38,213.8,1.43,-373.75,-108.31,20,SPATIAL_SHAPELY,0.81,True,TRACK LIMITS AT TURN 10 LAP 4 
VIO-AUT23-HAM-L4-Turn3,2023_Austrian_Grand_Prix_Race,HAM,4,Turn 3,19.08,20.76,1.68,117.8,5.21,-945.22,620.38,14,SPATIAL_SHAPELY,0.99,True,TRACK LIMITS AT TURN 10 LAP 4 
VIO-AUT23-HAM-L4-Turn4,2023_Austrian_Grand_Prix_Race,HAM,4,Turn 4,37.04,40.06,3.02,141.0,5.59,-175.62,515.26,26,SPATIAL_SHAPELY,0.99,True,TRACK LIMITS AT TURN 10 LAP 4 
VIO-AUT23-HAM-L4-Turn6,2023_Austrian_Grand_Prix_Race,HAM,4,Turn 6,44.59,46.0,1.41,192.2,1.62,-561.45,465.04,13,SPATIAL_SHAPELY,0.83,True,TRACK LIMITS AT TURN 10 LAP 4 
VIO-AUT23-HAM-L4-Turn7,2023_Austrian_Grand_Prix_Race,HAM,4,Turn 7,53.07,54.71,1.64,221.1,6.74,-367.91,250.89,16,SPATIAL_SHAPELY,0.99,True,TRACK LIMITS AT TURN 10 LAP 4 
VIO-AUT23-HAM-L4-Turn9,2023_Austrian_Grand_Prix_Race,HAM,4,Turn 9,61.42,62.0,0.58,230.9,2.72,221.99,303.91,7,SPATIAL_SHAPELY,0.92,True,TRACK LIMITS AT TURN 10 LAP 4 
VIO-AUT23-HAM-L4-Turn10,2023_Austrian_Grand_Prix_Race,HAM,4,Turn 10,68.04,70.98,2.94,272.4,2.03,2.37,-6.88,24,SPATIAL_SHAPELY,0.86,True,TRACK LIMITS AT TURN 10 LAP 4 
VIO-AUT23-HAM-L5-Turn1,2023_Austrian_Grand_Prix_Race,HAM,5,Turn 1,2.67,5.16,2.48,231.0,1.39,-366.36,-106.3,21,SPATIAL_SHAPELY,0.81,True,TRACK LIMITS AT TURN 10 LAP 5 
VIO-AUT23-HAM-L5-Turn3,2023_Austrian_Grand_Prix_Race,HAM,5,Turn 3,19.21,20.48,1.27,136.0,5.21,-943.99,619.14,10,SPATIAL_SHAPELY,0.99,True,TRACK LIMITS AT TURN 10 LAP 5 
VIO-AUT23-HAM-L5-Turn4,2023_Austrian_Grand_Prix_Race,HAM,5,Turn 4,36.81,40.05,3.24,116.4,5.54,-169.13,523.94,26,SPATIAL_SHAPELY,0.99,True,TRACK LIMITS AT TURN 10 LAP 5 
VIO-AUT23-HAM-L5-Turn6,2023_Austrian_Grand_Prix_Race,HAM,5,Turn 6,44.66,45.81,1.16,208.4,1.46,-557.53,466.44,10,SPATIAL_SHAPELY,0.82,True,TRACK LIMITS AT TURN 10 LAP 5 
VIO-AUT23-HAM-L5-Turn7,2023_Austrian_Grand_Prix_Race,HAM,5,Turn 7,52.85,54.61,1.76,218.3,6.74,-370.43,248.6,15,SPATIAL_SHAPELY,0.99,True,TRACK LIMITS AT TURN 10 LAP 5 
VIO-AUT23-HAM-L5-Turn9,2023_Austrian_Grand_Prix_Race,HAM,5,Turn 9,61.13,61.93,0.8,248.0,2.69,214.31,307.58,6,SPATIAL_SHAPELY,0.92,True,TRACK LIMITS AT TURN 10 LAP 5 
VIO-AUT23-HAM-L5-Turn10,2023_Austrian_Grand_Prix_Race,HAM,5,Turn 10,67.76,70.71,2.95,274.3,1.65,1.96,-6.98,24,SPATIAL_SHAPELY,0.83,True,TRACK LIMITS AT TURN 10 LAP 5 
VIO-AUT23-HAM-L6-Turn1,2023_Austrian_Grand_Prix_Race,HAM,6,Turn 1,2.62,5.11,2.48,189.0,1.43,-380.35,-110.07,22,SPATIAL_SHAPELY,0.81,True,TRACK LIMITS AT TURN 10 LAP 6 
VIO-AUT23-HAM-L6-Turn3,2023_Austrian_Grand_Prix_Race,HAM,6,Turn 3,19.21,20.47,1.26,119.7,5.21,-944.62,619.78,12,SPATIAL_SHAPELY,0.99,True,TRACK LIMITS AT TURN 10 LAP 6 
VIO-AUT23-HAM-L6-Turn4,2023_Austrian_Grand_Prix_Race,HAM,6,Turn 4,36.74,39.81,3.06,135.0,5.54,-169.04,524.05,23,SPATIAL_SHAPELY,0.99,True,TRACK LIMITS AT TURN 10 LAP 6 
VIO-AUT23-HAM-L6-Turn6,2023_Austrian_Grand_Prix_Race,HAM,6,Turn 6,44.66,45.7,1.04,195.0,1.59,-562.77,464.52,11,SPATIAL_SHAPELY,0.83,True,TRACK LIMITS AT TURN 10 LAP 6 
VIO-AUT23-HAM-L6-Turn7,2023_Austrian_Grand_Prix_Race,HAM,6,Turn 7,52.78,54.18,1.4,220.1,6.7,-368.41,250.49,11,SPATIAL_SHAPELY,0.99,True,TRACK LIMITS AT TURN 10 LAP 6 
VIO-AUT23-HAM-L6-Turn9,2023_Austrian_Grand_Prix_Race,HAM,6,Turn 9,61.22,61.83,0.61,233.4,2.68,217.66,306.1,6,SPATIAL_SHAPELY,0.91,True,TRACK LIMITS AT TURN 10 LAP 6 
VIO-AUT23-HAM-L7-Turn1,2023_Austrian_Grand_Prix_Race,HAM,7,Turn 1,2.68,5.2,2.52,251.0,1.42,-357.16,-103.86,19,SPATIAL_SHAPELY,0.81,True,TRACK LIMITS AT TURN 10 (NEXT LAP)
VIO-AUT23-HAM-L7-Turn3,2023_Austrian_Grand_Prix_Race,HAM,7,Turn 3,19.12,20.38,1.26,125.1,5.21,-945.53,620.68,9,SPATIAL_SHAPELY,0.99,True,TRACK LIMITS AT TURN 10 (NEXT LAP)
VIO-AUT23-HAM-L7-Turn4,2023_Austrian_Grand_Prix_Race,HAM,7,Turn 4,36.92,39.84,2.93,121.0,5.72,-167.58,525.75,24,SPATIAL_SHAPELY,0.99,True,TRACK LIMITS AT TURN 10 (NEXT LAP)
VIO-AUT23-HAM-L7-Turn6,2023_Austrian_Grand_Prix_Race,HAM,7,Turn 6,44.38,45.42,1.04,205.9,1.43,-557.23,466.54,8,SPATIAL_SHAPELY,0.81,True,TRACK LIMITS AT TURN 10 (NEXT LAP)
VIO-AUT23-HAM-L7-Turn7,2023_Austrian_Grand_Prix_Race,HAM,7,Turn 7,52.7,54.42,1.72,224.0,6.62,-362.37,255.98,14,SPATIAL_SHAPELY,0.99,True,TRACK LIMITS AT TURN 10 (NEXT LAP)
VIO-AUT23-HAM-L7-Turn9,2023_Austrian_Grand_Prix_Race,HAM,7,Turn 9,61.04,61.8,0.76,239.7,2.73,213.94,307.7,7,SPATIAL_SHAPELY,0.92,True,TRACK LIMITS AT TURN 10 (NEXT LAP)
VIO-AUT23-HAM-L8-Turn1,2023_Austrian_Grand_Prix_Race,HAM,8,Turn 1,2.53,5.29,2.76,233.0,1.48,-367.36,-106.65,22,SPATIAL_SHAPELY,0.82,True,TRACK LIMITS AT TURN 10 LAP 8 
VIO-AUT23-HAM-L8-Turn3,2023_Austrian_Grand_Prix_Race,HAM,8,Turn 3,19.08,20.57,1.48,133.0,5.21,-942.41,617.58,12,SPATIAL_SHAPELY,0.99,True,TRACK LIMITS AT TURN 10 LAP 8 
VIO-AUT23-HAM-L8-Turn4,2023_Austrian_Grand_Prix_Race,HAM,8,Turn 4,37.04,39.84,2.8,133.0,5.61,-169.63,523.14,16,SPATIAL_SHAPELY,0.99,True,TRACK LIMITS AT TURN 10 LAP 8 
VIO-AUT23-HAM-L8-Turn6,2023_Austrian_Grand_Prix_Race,HAM,8,Turn 6,44.49,45.65,1.16,190.0,1.41,-572.58,459.81,10,SPATIAL_SHAPELY,0.81,True,TRACK LIMITS AT TURN 10 LAP 8 
VIO-AUT23-HAM-L8-Turn7,2023_Austrian_Grand_Prix_Race,HAM,8,Turn 7,52.72,54.35,1.62,219.6,6.73,-370.12,248.9,12,SPATIAL_SHAPELY,0.99,True,TRACK LIMITS AT TURN 10 LAP 8 
VIO-AUT23-HAM-L8-Turn9,2023_Austrian_Grand_Prix_Race,HAM,8,Turn 9,61.01,61.6,0.6,237.0,3.1,215.84,306.45,7,SPATIAL_SHAPELY,0.95,True,TRACK LIMITS AT TURN 10 LAP 8 
VIO-AUT23-HAM-L8-Turn10,2023_Austrian_Grand_Prix_Race,HAM,8,Turn 10,67.64,70.58,2.94,271.5,1.18,4.38,-6.28,23,SPATIAL_SHAPELY,0.79,True,TRACK LIMITS AT TURN 10 LAP 8 
VIO-AUT23-HAM-L9-Turn1,2023_Austrian_Grand_Prix_Race,HAM,9,Turn 1,2.53,5.03,2.5,235.1,1.43,-366.3,-106.32,23,SPATIAL_SHAPELY,0.81,True,TRACK LIMITS AT TURN 10 LAP 9 
VIO-AUT23-HAM-L9-Turn3,2023_Austrian_Grand_Prix_Race,HAM,9,Turn 3,18.94,20.69,1.74,141.0,5.25,-939.14,614.28,12,SPATIAL_SHAPELY,0.99,True,TRACK LIMITS AT TURN 10 LAP 9 
VIO-AUT23-HAM-L9-Turn4,2023_Austrian_Grand_Prix_Race,HAM,9,Turn 4,36.99,39.66,2.68,131.1,5.58,-169.73,523.04,22,SPATIAL_SHAPELY,0.99,True,TRACK LIMITS AT TURN 10 LAP 9 
VIO-AUT23-HAM-L9-Turn6,2023_Austrian_Grand_Prix_Race,HAM,9,Turn 6,44.54,45.74,1.2,193.9,1.5,-563.77,464.14,10,SPATIAL_SHAPELY,0.82,True,TRACK LIMITS AT TURN 10 LAP 9 
VIO-AUT23-HAM-L9-Turn7,2023_Austrian_Grand_Prix_Race,HAM,9,Turn 7,52.78,54.46,1.68,214.4,6.72,-367.61,251.19,14,SPATIAL_SHAPELY,0.99,True,TRACK LIMITS AT TURN 10 LAP 9 
VIO-AUT23-HAM-L9-Turn9,2023_Austrian_Grand_Prix_Race,HAM,9,Turn 9,60.85,61.73,0.88,234.0,2.74,212.33,308.3,9,SPATIAL_SHAPELY,0.92,True,TRACK LIMITS AT TURN 10 LAP 9 
VIO-AUT23-HAM-L9-Turn10,2023_Austrian_Grand_Prix_Race,HAM,9,Turn 10,67.61,70.6,2.99,273.3,1.92,3.58,-6.48,24,SPATIAL_SHAPELY,0.85,True,TRACK LIMITS AT TURN 10 LAP 9 
VIO-AUT23-HAM-L10-Turn1,2023_Austrian_Grand_Prix_Race,HAM,10,Turn 1,2.5,5.27,2.76,247.9,1.4,-357.84,-104.02,24,SPATIAL_SHAPELY,0.81,True,TRACK LIMITS AT TURN 10 (NEXT LAP)
VIO-AUT23-HAM-L10-Turn3,2023_Austrian_Grand_Prix_Race,HAM,10,Turn 3,19.11,20.59,1.48,127.0,5.17,-942.68,617.91,14,SPATIAL_SHAPELY,0.99,True,TRACK LIMITS AT TURN 10 (NEXT LAP)
VIO-AUT23-HAM-L10-Turn4,2023_Austrian_Grand_Prix_Race,HAM,10,Turn 4,36.95,40.02,3.08,133.0,5.57,-175.61,515.32,26,SPATIAL_SHAPELY,0.99,True,TRACK LIMITS AT TURN 10 (NEXT LAP)
VIO-AUT23-HAM-L10-Turn6,2023_Austrian_Grand_Prix_Race,HAM,10,Turn 6,44.63,45.89,1.26,190.0,1.44,-563.96,464.12,8,SPATIAL_SHAPELY,0.82,True,TRACK LIMITS AT TURN 10 (NEXT LAP)
VIO-AUT23-HAM-L10-Turn7,2023_Austrian_Grand_Prix_Race,HAM,10,Turn 7,52.95,54.57,1.62,217.0,6.72,-369.2,249.76,12,SPATIAL_SHAPELY,0.99,True,TRACK LIMITS AT TURN 10 (NEXT LAP)
VIO-AUT23-HAM-L10-Turn9,2023_Austrian_Grand_Prix_Race,HAM,10,Turn 9,61.37,61.97,0.6,230.9,2.62,224.31,302.71,6,SPATIAL_SHAPELY,0.91,True,TRACK LIMITS AT TURN 10 (NEXT LAP)
VIO-AUT23-HAM-L11-Turn1,2023_Austrian_Grand_Prix_Race,HAM,11,Turn 1,2.6,5.33,2.72,267.7,1.39,-346.66,-101.02,21,SPATIAL_SHAPELY,0.81,False,Unpenalized Excursion / Sub-Threshold
VIO-AUT23-HAM-L11-Turn3,2023_Austrian_Grand_Prix_Race,HAM,11,Turn 3,19.12,20.61,1.48,139.5,5.2,-940.59,615.79,12,SPATIAL_SHAPELY,0.99,False,Unpenalized Excursion / Sub-Threshold
VIO-AUT23-HAM-L11-Turn4,2023_Austrian_Grand_Prix_Race,HAM,11,Turn 4,36.97,39.95,2.98,142.0,5.56,-172.37,519.55,22,SPATIAL_SHAPELY,0.99,False,Unpenalized Excursion / Sub-Threshold
VIO-AUT23-HAM-L11-Turn6,2023_Austrian_Grand_Prix_Race,HAM,11,Turn 6,44.45,45.67,1.22,196.0,1.63,-562.2,464.75,12,SPATIAL_SHAPELY,0.83,False,Unpenalized Excursion / Sub-Threshold
VIO-AUT23-HAM-L11-Turn7,2023_Austrian_Grand_Prix_Race,HAM,11,Turn 7,52.88,54.45,1.56,217.3,6.73,-366.7,251.99,13,SPATIAL_SHAPELY,0.99,False,Unpenalized Excursion / Sub-Threshold
VIO-AUT23-HAM-L11-Turn9,2023_Austrian_Grand_Prix_Race,HAM,11,Turn 9,61.15,61.87,0.72,225.0,2.81,218.16,305.7,6,SPATIAL_SHAPELY,0.93,False,Unpenalized Excursion / Sub-Threshold
VIO-AUT23-HAM-L12-Turn1,2023_Austrian_Grand_Prix_Race,HAM,12,Turn 1,2.59,5.11,2.52,210.0,1.42,-371.98,-107.82,19,SPATIAL_SHAPELY,0.81,False,Unpenalized Excursion / Sub-Threshold
VIO-AUT23-HAM-L12-Turn3,2023_Austrian_Grand_Prix_Race,HAM,12,Turn 3,19.39,20.71,1.32,123.0,5.2,-943.94,619.12,12,SPATIAL_SHAPELY,0.99,False,Unpenalized Excursion / Sub-Threshold
VIO-AUT23-HAM-L12-Turn4,2023_Austrian_Grand_Prix_Race,HAM,12,Turn 4,36.99,40.03,3.04,133.0,5.55,-169.19,523.84,23,SPATIAL_SHAPELY,0.99,False,Unpenalized Excursion / Sub-Threshold
VIO-AUT23-HAM-L12-Turn6,2023_Austrian_Grand_Prix_Race,HAM,12,Turn 6,44.59,45.63,1.04,188.4,1.39,-573.84,459.15,10,SPATIAL_SHAPELY,0.81,False,Unpenalized Excursion / Sub-Threshold
VIO-AUT23-HAM-L12-Turn7,2023_Austrian_Grand_Prix_Race,HAM,12,Turn 7,52.83,54.57,1.74,218.3,6.69,-365.29,253.29,14,SPATIAL_SHAPELY,0.99,False,Unpenalized Excursion / Sub-Threshold
VIO-AUT23-HAM-L12-Turn9,2023_Austrian_Grand_Prix_Race,HAM,12,Turn 9,61.11,61.95,0.84,226.7,2.71,215.55,307.0,8,SPATIAL_SHAPELY,0.92,False,Unpenalized Excursion / Sub-Threshold
VIO-AUT23-HAM-L12-Turn10,2023_Austrian_Grand_Prix_Race,HAM,12,Turn 10,68.11,70.97,2.86,269.0,1.06,4.54,-6.26,22,SPATIAL_SHAPELY,0.78,False,Unpenalized Excursion / Sub-Threshold
VIO-AUT23-HAM-L13-Turn1,2023_Austrian_Grand_Prix_Race,HAM,13,Turn 1,2.56,5.26,2.7,217.5,1.4,-367.91,-106.71,25,SPATIAL_SHAPELY,0.81,False,Unpenalized Excursion / Sub-Threshold
VIO-AUT23-HAM-L13-Turn3,2023_Austrian_Grand_Prix_Race,HAM,13,Turn 3,19.02,20.58,1.56,128.0,5.22,-942.88,618.03,14,SPATIAL_SHAPELY,0.99,False,Unpenalized Excursion / Sub-Threshold
VIO-AUT23-HAM-L13-Turn4,2023_Austrian_Grand_Prix_Race,HAM,13,Turn 4,37.18,40.14,2.96,141.2,5.58,-172.05,519.95,27,SPATIAL_SHAPELY,0.99,False,Unpenalized Excursion / Sub-Threshold
VIO-AUT23-HAM-L13-Turn6,2023_Austrian_Grand_Prix_Race,HAM,13,Turn 6,44.64,45.68,1.04,194.0,1.5,-558.99,465.94,9,SPATIAL_SHAPELY,0.82,False,Unpenalized Excursion / Sub-Threshold
VIO-AUT23-HAM-L13-Turn7,2023_Austrian_Grand_Prix_Race,HAM,13,Turn 7,53.08,54.62,1.54,218.0,6.72,-367.48,251.3,14,SPATIAL_SHAPELY,0.99,False,Unpenalized Excursion / Sub-Threshold
VIO-AUT23-HAM-L13-Turn9,2023_Austrian_Grand_Prix_Race,HAM,13,Turn 9,61.5,62.02,0.52,221.0,2.95,222.13,303.56,6,SPATIAL_SHAPELY,0.94,False,Unpenalized Excursion / Sub-Threshold
VIO-AUT23-HAM-L14-Turn1,2023_Austrian_Grand_Prix_Race,HAM,14,Turn 1,2.67,5.34,2.68,259.8,1.4,-351.49,-102.32,23,SPATIAL_SHAPELY,0.81,False,Unpenalized Excursion / Sub-Threshold
VIO-AUT23-HAM-L14-Turn3,2023_Austrian_Grand_Prix_Race,HAM,14,Turn 3,19.3,21.01,1.7,117.0,5.21,-943.11,618.28,17,SPATIAL_SHAPELY,0.99,False,Unpenalized Excursion / Sub-Threshold
VIO-AUT23-HAM-L14-Turn4,2023_Austrian_Grand_Prix_Race,HAM,14,Turn 4,37.27,40.25,2.98,129.7,5.5,-166.61,527.44,25,SPATIAL_SHAPELY,0.99,False,Unpenalized Excursion / Sub-Threshold
VIO-AUT23-HAM-L14-Turn6,2023_Austrian_Grand_Prix_Race,HAM,14,Turn 6,45.06,46.13,1.06,200.0,1.8,-559.31,465.52,9,SPATIAL_SHAPELY,0.84,False,Unpenalized Excursion / Sub-Threshold
VIO-AUT23-HAM-L14-Turn7,2023_Austrian_Grand_Prix_Race,HAM,14,Turn 7,53.37,54.93,1.56,219.0,6.76,-370.28,248.7,15,SPATIAL_SHAPELY,0.99,False,Unpenalized Excursion / Sub-Threshold
VIO-AUT23-HAM-L14-Turn9,2023_Austrian_Grand_Prix_Race,HAM,14,Turn 9,65.14,66.46,1.32,138.0,2.86,209.32,309.23,12,SPATIAL_SHAPELY,0.93,False,Unpenalized Excursion / Sub-Threshold
VIO-AUT23-HAM-L15-Turn1,2023_Austrian_Grand_Prix_Race,HAM,15,Turn 1,14.78,24.74,9.96,87.0,7.44,-429.96,-101.53,79,SPATIAL_SHAPELY,0.99,False,Unpenalized Excursion / Sub-Threshold
VIO-AUT23-HAM-L15-Turn3,2023_Austrian_Grand_Prix_Race,HAM,15,Turn 3,40.54,42.1,1.56,107.0,5.2,-943.31,618.48,13,SPATIAL_SHAPELY,0.99,False,Unpenalized Excursion / Sub-Threshold
VIO-AUT23-HAM-L15-Turn4,2023_Austrian_Grand_Prix_Race,HAM,15,Turn 4,62.46,67.58,5.12,101.0,5.46,-170.84,521.74,44,SPATIAL_SHAPELY,0.99,False,Unpenalized Excursion / Sub-Threshold
VIO-AUT23-HAM-L15-Turn6,2023_Austrian_Grand_Prix_Race,HAM,15,Turn 6,73.26,74.66,1.4,168.0,1.55,-574.43,458.62,11,SPATIAL_SHAPELY,0.82,False,Unpenalized Excursion / Sub-Threshold
VIO-AUT23-HAM-L15-Turn7,2023_Austrian_Grand_Prix_Race,HAM,15,Turn 7,82.72,85.1,2.38,152.2,6.74,-369.02,249.89,22,SPATIAL_SHAPELY,0.99,False,Unpenalized Excursion / Sub-Threshold
VIO-AUT23-HAM-L15-Turn9,2023_Austrian_Grand_Prix_Race,HAM,15,Turn 9,94.28,95.42,1.14,167.0,3.06,220.78,304.14,10,SPATIAL_SHAPELY,0.95,False,Unpenalized Excursion / Sub-Threshold
VIO-AUT23-HAM-L16-Turn1,2023_Austrian_Grand_Prix_Race,HAM,16,Turn 1,3.61,7.09,3.48,205.0,1.41,-376.3,-108.97,28,SPATIAL_SHAPELY,0.81,False,Unpenalized Excursion / Sub-Threshold
VIO-AUT23-HAM-L16-Turn3,2023_Austrian_Grand_Prix_Race,HAM,16,Turn 3,22.57,24.17,1.6,157.0,5.25,-940.65,615.77,14,SPATIAL_SHAPELY,0.99,False,Unpenalized Excursion / Sub-Threshold
VIO-AUT23-HAM-L16-Turn4,2023_Austrian_Grand_Prix_Race,HAM,16,Turn 4,40.43,43.21,2.78,148.0,5.57,-176.85,513.73,22,SPATIAL_SHAPELY,0.99,False,Unpenalized Excursion / Sub-Threshold
VIO-AUT23-HAM-L16-Turn6,2023_Austrian_Grand_Prix_Race,HAM,16,Turn 6,47.77,49.11,1.34,196.0,1.4,-566.49,462.94,12,SPATIAL_SHAPELY,0.81,False,Unpenalized Excursion / Sub-Threshold
VIO-AUT23-HAM-L16-Turn7,2023_Austrian_Grand_Prix_Race,HAM,16,Turn 7,55.93,57.33,1.4,222.8,6.73,-370.12,248.9,13,SPATIAL_SHAPELY,0.99,False,Unpenalized Excursion / Sub-Threshold
VIO-AUT23-HAM-L16-Turn9,2023_Austrian_Grand_Prix_Race,HAM,16,Turn 9,64.27,64.81,0.54,234.4,2.68,215.85,306.9,5,SPATIAL_SHAPELY,0.91,False,Unpenalized Excursion / Sub-Threshold
VIO-AUT23-HAM-L17-Turn1,2023_Austrian_Grand_Prix_Race,HAM,17,Turn 1,2.57,5.33,2.76,262.0,1.41,-352.05,-102.48,23,SPATIAL_SHAPELY,0.81,False,Unpenalized Excursion / Sub-Threshold
VIO-AUT23-HAM-L17-Turn3,2023_Austrian_Grand_Prix_Race,HAM,17,Turn 3,18.97,20.73,1.76,123.1,5.21,-944.82,619.98,15,SPATIAL_SHAPELY,0.99,False,Unpenalized Excursion / Sub-Threshold
VIO-AUT23-HAM-L17-Turn4,2023_Austrian_Grand_Prix_Race,HAM,17,Turn 4,36.65,39.51,2.86,144.0,5.55,-175.94,514.93,21,SPATIAL_SHAPELY,0.99,False,Unpenalized Excursion / Sub-Threshold
VIO-AUT23-HAM-L17-Turn6,2023_Austrian_Grand_Prix_Race,HAM,17,Turn 6,44.05,45.05,1.0,202.7,1.51,-558.03,466.24,10,SPATIAL_SHAPELY,0.82,False,Unpenalized Excursion / Sub-Threshold
VIO-AUT23-HAM-L17-Turn7,2023_Austrian_Grand_Prix_Race,HAM,17,Turn 7,52.17,53.85,1.68,219.0,6.73,-371.26,247.8,14,SPATIAL_SHAPELY,0.99,False,Unpenalized Excursion / Sub-Threshold
VIO-AUT23-HAM-L17-Turn9,2023_Austrian_Grand_Prix_Race,HAM,17,Turn 9,60.55,61.01,0.46,229.0,2.73,216.47,306.58,5,SPATIAL_SHAPELY,0.92,False,Unpenalized Excursion / Sub-Threshold
VIO-AUT23-HAM-L17-Turn10,2023_Austrian_Grand_Prix_Race,HAM,17,Turn 10,67.09,69.89,2.8,274.0,1.39,1.7,-6.96,20,SPATIAL_SHAPELY,0.81,False,Unpenalized Excursion / Sub-Threshold
VIO-AUT23-HAM-L18-Turn1,2023_Austrian_Grand_Prix_Race,HAM,18,Turn 1,2.68,5.1,2.42,242.0,1.39,-359.3,-104.4,19,SPATIAL_SHAPELY,0.81,False,Unpenalized Excursion / Sub-Threshold
VIO-AUT23-HAM-L18-Turn3,2023_Austrian_Grand_Prix_Race,HAM,18,Turn 3,18.92,20.43,1.52,140.0,5.26,-943.21,618.3,12,SPATIAL_SHAPELY,0.99,False,Unpenalized Excursion / Sub-Threshold
VIO-AUT23-HAM-L18-Turn4,2023_Austrian_Grand_Prix_Race,HAM,18,Turn 4,36.52,39.34,2.82,148.0,5.5,-173.34,518.36,22,SPATIAL_SHAPELY,0.99,False,Unpenalized Excursion / Sub-Threshold
VIO-AUT23-HAM-L18-Turn6,2023_Austrian_Grand_Prix_Race,HAM,18,Turn 6,43.92,45.08,1.16,196.0,1.57,-563.08,464.39,12,SPATIAL_SHAPELY,0.83,False,Unpenalized Excursion / Sub-Threshold
VIO-AUT23-HAM-L18-Turn7,2023_Austrian_Grand_Prix_Race,HAM,18,Turn 7,52.03,53.48,1.44,219.0,6.74,-368.92,249.99,12,SPATIAL_SHAPELY,0.99,False,Unpenalized Excursion / Sub-Threshold
VIO-AUT23-HAM-L18-Turn9,2023_Austrian_Grand_Prix_Race,HAM,18,Turn 9,60.12,60.84,0.72,243.0,3.13,213.24,307.56,6,SPATIAL_SHAPELY,0.95,False,Unpenalized Excursion / Sub-Threshold
VIO-AUT23-HAM-L19-Turn1,2023_Austrian_Grand_Prix_Race,HAM,19,Turn 1,2.52,4.93,2.42,232.7,1.39,-370.93,-107.51,18,SPATIAL_SHAPELY,0.81,False,Unpenalized Excursion / Sub-Threshold
VIO-AUT23-HAM-L19-Turn3,2023_Austrian_Grand_Prix_Race,HAM,19,Turn 3,18.9,20.4,1.5,130.0,5.41,-943.05,617.94,11,SPATIAL_SHAPELY,0.99,False,Unpenalized Excursion / Sub-Threshold
VIO-AUT23-HAM-L19-Turn4,2023_Austrian_Grand_Prix_Race,HAM,19,Turn 4,37.02,40.04,3.02,141.0,5.58,-171.14,521.15,23,SPATIAL_SHAPELY,0.99,False,Unpenalized Excursion / Sub-Threshold
VIO-AUT23-HAM-L19-Turn6,2023_Austrian_Grand_Prix_Race,HAM,19,Turn 6,44.68,45.94,1.26,190.0,1.45,-560.65,465.48,11,SPATIAL_SHAPELY,0.82,False,Unpenalized Excursion / Sub-Threshold
VIO-AUT23-HAM-L19-Turn7,2023_Austrian_Grand_Prix_Race,HAM,19,Turn 7,53.1,54.68,1.58,224.0,6.63,-363.74,254.73,11,SPATIAL_SHAPELY,0.99,False,Unpenalized Excursion / Sub-Threshold
VIO-AUT23-HAM-L19-Turn9,2023_Austrian_Grand_Prix_Race,HAM,19,Turn 9,61.2,62.04,0.84,223.0,2.75,222.12,303.8,7,SPATIAL_SHAPELY,0.92,False,Unpenalized Excursion / Sub-Threshold
VIO-AUT23-HAM-L20-Turn1,2023_Austrian_Grand_Prix_Race,HAM,20,Turn 1,2.5,4.96,2.46,273.9,1.35,-350.19,-101.92,16,SPATIAL_SHAPELY,0.81,False,Unpenalized Excursion / Sub-Threshold
VIO-AUT23-HAM-L20-Turn3,2023_Austrian_Grand_Prix_Race,HAM,20,Turn 3,18.54,19.7,1.16,139.4,5.14,-946.23,621.48,9,SPATIAL_SHAPELY,0.99,False,Unpenalized Excursion / Sub-Threshold
VIO-AUT23-HAM-L20-Turn4,2023_Austrian_Grand_Prix_Race,HAM,20,Turn 4,36.22,39.54,3.32,123.0,5.56,-171.84,520.25,26,SPATIAL_SHAPELY,0.99,False,Unpenalized Excursion / Sub-Threshold
VIO-AUT23-HAM-L20-Turn6,2023_Austrian_Grand_Prix_Race,HAM,20,Turn 6,44.08,45.16,1.08,193.0,1.47,-574.79,458.46,9,SPATIAL_SHAPELY,0.82,False,Unpenalized Excursion / Sub-Threshold
VIO-AUT23-HAM-L20-Turn7,2023_Austrian_Grand_Prix_Race,HAM,20,Turn 7,52.26,53.86,1.6,216.0,6.76,-370.46,248.53,14,SPATIAL_SHAPELY,0.99,False,Unpenalized Excursion / Sub-Threshold
VIO-AUT23-HAM-L20-Turn9,2023_Austrian_Grand_Prix_Race,HAM,20,Turn 9,60.56,61.2,0.64,227.0,2.69,222.46,303.68,6,SPATIAL_SHAPELY,0.91,False,Unpenalized Excursion / Sub-Threshold
VIO-AUT23-HAM-L21-Turn1,2023_Austrian_Grand_Prix_Race,HAM,21,Turn 1,2.63,4.71,2.08,272.0,1.38,-349.6,-101.8,18,SPATIAL_SHAPELY,0.81,False,Unpenalized Excursion / Sub-Threshold
VIO-AUT23-HAM-L21-Turn3,2023_Austrian_Grand_Prix_Race,HAM,21,Turn 3,18.63,20.01,1.38,131.0,5.2,-941.1,616.29,12,SPATIAL_SHAPELY,0.99,False,Unpenalized Excursion / Sub-Threshold
VIO-AUT23-HAM-L21-Turn4,2023_Austrian_Grand_Prix_Race,HAM,21,Turn 4,35.99,39.21,3.22,130.0,5.5,-170.9,521.6,24,SPATIAL_SHAPELY,0.99,False,Unpenalized Excursion / Sub-Threshold
VIO-AUT23-HAM-L21-Turn6,2023_Austrian_Grand_Prix_Race,HAM,21,Turn 6,43.87,44.87,1.0,189.6,1.53,-559.84,465.64,9,SPATIAL_SHAPELY,0.82,False,Unpenalized Excursion / Sub-Threshold
VIO-AUT23-HAM-L21-Turn7,2023_Austrian_Grand_Prix_Race,HAM,21,Turn 7,52.31,53.79,1.48,215.0,6.66,-370.93,248.22,13,SPATIAL_SHAPELY,0.99,False,Unpenalized Excursion / Sub-Threshold
VIO-AUT23-HAM-L21-Turn9,2023_Austrian_Grand_Prix_Race,HAM,21,Turn 9,60.51,61.31,0.8,224.0,2.81,212.26,308.25,6,SPATIAL_SHAPELY,0.92,False,Unpenalized Excursion / Sub-Threshold
VIO-AUT23-HAM-L21-Turn10,2023_Austrian_Grand_Prix_Race,HAM,21,Turn 10,67.07,70.14,3.07,280.9,1.35,1.66,-6.98,19,SPATIAL_SHAPELY,0.81,False,Unpenalized Excursion / Sub-Threshold
VIO-AUT23-HAM-L22-Turn1,2023_Austrian_Grand_Prix_Race,HAM,22,Turn 1,2.41,5.01,2.6,252.0,1.39,-352.58,-102.61,22,SPATIAL_SHAPELY,0.81,False,Unpenalized Excursion / Sub-Threshold
VIO-AUT23-HAM-L22-Turn3,2023_Austrian_Grand_Prix_Race,HAM,22,Turn 3,18.71,20.09,1.38,133.0,5.21,-945.73,620.88,12,SPATIAL_SHAPELY,0.99,False,Unpenalized Excursion / Sub-Threshold
VIO-AUT23-HAM-L22-Turn4,2023_Austrian_Grand_Prix_Race,HAM,22,Turn 4,36.51,39.89,3.38,118.3,5.55,-168.52,524.74,29,SPATIAL_SHAPELY,0.99,False,Unpenalized Excursion / Sub-Threshold
VIO-AUT23-HAM-L22-Turn6,2023_Austrian_Grand_Prix_Race,HAM,22,Turn 6,44.45,45.65,1.2,188.0,1.48,-566.44,462.88,10,SPATIAL_SHAPELY,0.82,False,Unpenalized Excursion / Sub-Threshold
VIO-AUT23-HAM-L22-Turn7,2023_Austrian_Grand_Prix_Race,HAM,22,Turn 7,52.99,54.61,1.62,211.6,6.75,-366.0,252.59,15,SPATIAL_SHAPELY,0.99,False,Unpenalized Excursion / Sub-Threshold
VIO-AUT23-HAM-L22-Turn9,2023_Austrian_Grand_Prix_Race,HAM,22,Turn 9,61.27,62.01,0.74,224.0,2.71,215.61,306.98,8,SPATIAL_SHAPELY,0.92,False,Unpenalized Excursion / Sub-Threshold
VIO-AUT23-HAM-L23-Turn1,2023_Austrian_Grand_Prix_Race,HAM,23,Turn 1,2.44,4.82,2.38,216.0,1.35,-364.73,-105.81,20,SPATIAL_SHAPELY,0.81,False,Unpenalized Excursion / Sub-Threshold
VIO-AUT23-HAM-L23-Turn3,2023_Austrian_Grand_Prix_Race,HAM,23,Turn 3,18.98,20.3,1.32,129.0,5.21,-941.39,616.58,13,SPATIAL_SHAPELY,0.99,False,Unpenalized Excursion / Sub-Threshold
VIO-AUT23-HAM-L23-Turn4,2023_Austrian_Grand_Prix_Race,HAM,23,Turn 4,36.73,39.53,2.8,137.0,5.6,-169.93,522.74,21,SPATIAL_SHAPELY,0.99,False,Unpenalized Excursion / Sub-Threshold
VIO-AUT23-HAM-L23-Turn6,2023_Austrian_Grand_Prix_Race,HAM,23,Turn 6,44.22,45.42,1.2,186.0,1.39,-571.91,460.21,11,SPATIAL_SHAPELY,0.81,False,Unpenalized Excursion / Sub-Threshold
VIO-AUT23-HAM-L23-Turn7,2023_Austrian_Grand_Prix_Race,HAM,23,Turn 7,52.73,54.38,1.64,216.0,6.74,-370.01,248.99,15,SPATIAL_SHAPELY,0.99,False,Unpenalized Excursion / Sub-Threshold
VIO-AUT23-HAM-L23-Turn9,2023_Austrian_Grand_Prix_Race,HAM,23,Turn 9,60.98,61.81,0.84,221.4,2.74,221.39,304.2,8,SPATIAL_SHAPELY,0.92,False,Unpenalized Excursion / Sub-Threshold
VIO-AUT23-HAM-L23-Turn10,2023_Austrian_Grand_Prix_Race,HAM,23,Turn 10,67.69,70.69,2.99,281.0,1.97,2.31,-6.81,24,SPATIAL_SHAPELY,0.86,False,Unpenalized Excursion / Sub-Threshold
VIO-AUT23-HAM-L24-Turn1,2023_Austrian_Grand_Prix_Race,HAM,24,Turn 1,2.45,4.77,2.32,219.1,1.36,-369.92,-107.21,18,SPATIAL_SHAPELY,0.81,False,Unpenalized Excursion / Sub-Threshold
VIO-AUT23-HAM-L24-Turn3,2023_Austrian_Grand_Prix_Race,HAM,24,Turn 3,18.75,20.17,1.42,116.0,5.21,-945.02,620.18,11,SPATIAL_SHAPELY,0.99,False,Unpenalized Excursion / Sub-Threshold
VIO-AUT23-HAM-L24-Turn4,2023_Austrian_Grand_Prix_Race,HAM,24,Turn 4,36.59,39.75,3.16,130.0,5.55,-167.66,525.93,23,SPATIAL_SHAPELY,0.99,False,Unpenalized Excursion / Sub-Threshold
VIO-AUT23-HAM-L24-Turn6,2023_Austrian_Grand_Prix_Race,HAM,24,Turn 6,44.41,44.93,0.52,184.0,1.56,-573.96,458.89,5,SPATIAL_SHAPELY,0.83,False,Unpenalized Excursion / Sub-Threshold
VIO-AUT23-HAM-L24-Turn7,2023_Austrian_Grand_Prix_Race,HAM,24,Turn 7,52.77,54.39,1.62,216.4,6.78,-369.52,249.4,15,SPATIAL_SHAPELY,0.99,False,Unpenalized Excursion / Sub-Threshold
VIO-AUT23-HAM-L24-Turn9,2023_Austrian_Grand_Prix_Race,HAM,24,Turn 9,60.93,61.75,0.82,226.0,2.73,218.39,305.68,9,SPATIAL_SHAPELY,0.92,False,Unpenalized Excursion / Sub-Threshold
VIO-AUT23-HAM-L24-Turn10,2023_Austrian_Grand_Prix_Race,HAM,24,Turn 10,67.69,70.58,2.89,281.0,2.22,3.25,-6.53,24,SPATIAL_SHAPELY,0.88,False,Unpenalized Excursion / Sub-Threshold
VIO-AUT23-HAM-L25-Turn1,2023_Austrian_Grand_Prix_Race,HAM,25,Turn 1,2.67,4.85,2.18,260.0,1.41,-367.93,-106.73,15,SPATIAL_SHAPELY,0.81,False,Unpenalized Excursion / Sub-Threshold
VIO-AUT23-HAM-L25-Turn3,2023_Austrian_Grand_Prix_Race,HAM,25,Turn 3,18.67,20.15,1.48,146.3,5.13,-938.78,614.09,10,SPATIAL_SHAPELY,0.99,False,Unpenalized Excursion / Sub-Threshold
VIO-AUT23-HAM-L25-Turn4,2023_Austrian_Grand_Prix_Race,HAM,25,Turn 4,36.31,39.47,3.16,126.0,5.51,-167.49,526.21,25,SPATIAL_SHAPELY,0.99,False,Unpenalized Excursion / Sub-Threshold
VIO-AUT23-HAM-L25-Turn6,2023_Austrian_Grand_Prix_Race,HAM,25,Turn 6,44.13,45.19,1.06,200.0,1.47,-555.73,466.86,9,SPATIAL_SHAPELY,0.82,False,Unpenalized Excursion / Sub-Threshold
VIO-AUT23-HAM-L25-Turn7,2023_Austrian_Grand_Prix_Race,HAM,25,Turn 7,52.49,54.19,1.7,214.0,6.72,-367.71,251.09,13,SPATIAL_SHAPELY,0.99,False,Unpenalized Excursion / Sub-Threshold
VIO-AUT23-HAM-L25-Turn9,2023_Austrian_Grand_Prix_Race,HAM,25,Turn 9,60.83,61.57,0.74,224.0,2.77,214.56,307.37,9,SPATIAL_SHAPELY,0.92,False,Unpenalized Excursion / Sub-Threshold
VIO-AUT23-HAM-L25-Turn10,2023_Austrian_Grand_Prix_Race,HAM,25,Turn 10,67.71,70.71,3.0,273.0,2.53,2.87,-6.7,22,SPATIAL_SHAPELY,0.9,False,Unpenalized Excursion / Sub-Threshold
VIO-AUT23-GAS-L1-Turn1,2023_Austrian_Grand_Prix_Race,GAS,1,Turn 1,6.46,9.07,2.61,180.7,1.43,-366.3,-106.32,20,SPATIAL_SHAPELY,0.81,False,Unpenalized Excursion / Sub-Threshold
VIO-AUT23-GAS-L1-Turn3,2023_Austrian_Grand_Prix_Race,GAS,1,Turn 3,25.48,26.36,0.87,128.0,5.3,-947.82,622.85,7,SPATIAL_SHAPELY,0.99,False,Unpenalized Excursion / Sub-Threshold
VIO-AUT23-GAS-L1-Turn4,2023_Austrian_Grand_Prix_Race,GAS,1,Turn 4,43.32,46.4,3.07,129.1,5.53,-167.82,525.74,26,SPATIAL_SHAPELY,0.99,False,Unpenalized Excursion / Sub-Threshold
VIO-AUT23-GAS-L1-Turn6,2023_Austrian_Grand_Prix_Race,GAS,1,Turn 6,51.2,52.35,1.15,166.2,1.66,-559.74,465.54,11,SPATIAL_SHAPELY,0.83,False,Unpenalized Excursion / Sub-Threshold
VIO-AUT23-GAS-L1-Turn7,2023_Austrian_Grand_Prix_Race,GAS,1,Turn 7,59.94,61.48,1.54,219.4,6.74,-370.22,248.8,15,SPATIAL_SHAPELY,0.99,False,Unpenalized Excursion / Sub-Threshold
VIO-AUT23-GAS-L1-Turn9,2023_Austrian_Grand_Prix_Race,GAS,1,Turn 9,68.24,68.92,0.67,207.3,2.68,218.87,305.5,7,SPATIAL_SHAPELY,0.91,False,Unpenalized Excursion / Sub-Threshold
VIO-AUT23-GAS-L1-Turn10,2023_Austrian_Grand_Prix_Race,GAS,1,Turn 10,82.03,92.61,10.57,92.0,2.06,3.47,-6.58,81,SPATIAL_SHAPELY,0.86,False,Unpenalized Excursion / Sub-Threshold
VIO-AUT23-GAS-L2-Turn1,2023_Austrian_Grand_Prix_Race,GAS,2,Turn 1,5.47,9.07,3.61,173.0,1.42,-369.59,-107.19,28,SPATIAL_SHAPELY,0.81,False,Unpenalized Excursion / Sub-Threshold
VIO-AUT23-GAS-L2-Turn3,2023_Austrian_Grand_Prix_Race,GAS,2,Turn 3,32.71,34.8,2.09,111.0,5.23,-943.73,618.86,18,SPATIAL_SHAPELY,0.99,False,Unpenalized Excursion / Sub-Threshold
VIO-AUT23-GAS-L2-Turn4,2023_Austrian_Grand_Prix_Race,GAS,2,Turn 4,53.76,59.73,5.98,57.0,5.42,-169.94,523.02,51,SPATIAL_SHAPELY,0.99,False,Unpenalized Excursion / Sub-Threshold
VIO-AUT23-GAS-L2-Turn6,2023_Austrian_Grand_Prix_Race,GAS,2,Turn 6,66.33,67.86,1.52,154.6,1.64,-564.07,463.84,13,SPATIAL_SHAPELY,0.83,False,Unpenalized Excursion / Sub-Threshold
VIO-AUT23-GAS-L2-Turn7,2023_Austrian_Grand_Prix_Race,GAS,2,Turn 7,79.58,82.95,3.38,97.8,6.68,-369.22,249.79,26,SPATIAL_SHAPELY,0.99,False,Unpenalized Excursion / Sub-Threshold
VIO-AUT23-GAS-L2-Turn9,2023_Austrian_Grand_Prix_Race,GAS,2,Turn 9,92.75,94.94,2.19,90.0,3.05,213.66,307.47,18,SPATIAL_SHAPELY,0.94,False,Unpenalized Excursion / Sub-Threshold
VIO-AUT23-GAS-L3-Turn1,2023_Austrian_Grand_Prix_Race,GAS,3,Turn 1,9.02,20.19,11.17,68.0,7.45,-427.93,-102.42,80,SPATIAL_SHAPELY,0.99,False,Unpenalized Excursion / Sub-Threshold
VIO-AUT23-GAS-L3-Turn3,2023_Austrian_Grand_Prix_Race,GAS,3,Turn 3,34.46,36.83,2.38,78.0,5.24,-942.32,617.46,21,SPATIAL_SHAPELY,0.99,False,Unpenalized Excursion / Sub-Threshold
VIO-AUT23-GAS-L3-Turn4,2023_Austrian_Grand_Prix_Race,GAS,3,Turn 4,58.55,63.15,4.6,72.0,5.42,-167.12,526.87,37,SPATIAL_SHAPELY,0.99,False,Unpenalized Excursion / Sub-Threshold
VIO-AUT23-GAS-L3-Turn6,2023_Austrian_Grand_Prix_Race,GAS,3,Turn 6,68.87,70.83,1.96,126.9,1.68,-559.04,465.74,17,SPATIAL_SHAPELY,0.83,False,Unpenalized Excursion / Sub-Threshold
VIO-AUT23-GAS-L3-Turn7,2023_Austrian_Grand_Prix_Race,GAS,3,Turn 7,88.4,93.88,5.48,67.0,6.69,-367.93,250.94,42,SPATIAL_SHAPELY,0.99,False,Unpenalized Excursion / Sub-Threshold
VIO-AUT23-GAS-L3-Turn9,2023_Austrian_Grand_Prix_Race,GAS,3,Turn 9,102.8,103.75,0.95,192.0,2.72,217.91,305.93,8,SPATIAL_SHAPELY,0.92,False,Unpenalized Excursion / Sub-Threshold
VIO-AUT23-GAS-L3-Turn10,2023_Austrian_Grand_Prix_Race,GAS,3,Turn 10,110.16,113.08,2.93,272.1,2.53,2.87,-6.68,24,SPATIAL_SHAPELY,0.9,False,Unpenalized Excursion / Sub-Threshold
VIO-AUT23-GAS-L4-Turn1,2023_Austrian_Grand_Prix_Race,GAS,4,Turn 1,2.63,5.47,2.84,204.0,1.44,-371.29,-107.66,21,SPATIAL_SHAPELY,0.82,False,Unpenalized Excursion / Sub-Threshold
VIO-AUT23-GAS-L4-Turn3,2023_Austrian_Grand_Prix_Race,GAS,4,Turn 3,19.43,20.95,1.52,122.9,5.21,-944.02,619.18,14,SPATIAL_SHAPELY,0.99,False,Unpenalized Excursion / Sub-Threshold
VIO-AUT23-GAS-L4-Turn4,2023_Austrian_Grand_Prix_Race,GAS,4,Turn 4,37.33,40.23,2.89,139.0,5.63,-169.86,522.78,25,SPATIAL_SHAPELY,0.99,False,Unpenalized Excursion / Sub-Threshold
VIO-AUT23-GAS-L4-Turn6,2023_Austrian_Grand_Prix_Race,GAS,4,Turn 6,45.07,46.47,1.4,174.0,1.4,-563.91,464.19,12,SPATIAL_SHAPELY,0.81,False,Unpenalized Excursion / Sub-Threshold
VIO-AUT23-GAS-L4-Turn7,2023_Austrian_Grand_Prix_Race,GAS,4,Turn 7,53.87,55.47,1.6,215.0,6.71,-367.85,250.99,15,SPATIAL_SHAPELY,0.99,False,Unpenalized Excursion / Sub-Threshold
VIO-AUT23-GAS-L4-Turn9,2023_Austrian_Grand_Prix_Race,GAS,4,Turn 9,62.35,63.03,0.68,220.0,2.73,208.36,309.63,5,SPATIAL_SHAPELY,0.92,False,Unpenalized Excursion / Sub-Threshold
VIO-AUT23-GAS-L5-Turn1,2023_Austrian_Grand_Prix_Race,GAS,5,Turn 1,2.61,5.24,2.63,263.3,1.44,-359.55,-104.52,21,SPATIAL_SHAPELY,0.81,False,Unpenalized Excursion / Sub-Threshold
VIO-AUT23-GAS-L5-Turn3,2023_Austrian_Grand_Prix_Race,GAS,5,Turn 3,19.3,20.9,1.6,126.0,5.25,-942.35,617.46,13,SPATIAL_SHAPELY,0.99,False,Unpenalized Excursion / Sub-Threshold
VIO-AUT23-GAS-L5-Turn4,2023_Austrian_Grand_Prix_Race,GAS,5,Turn 4,37.44,40.49,3.05,137.0,5.57,-172.98,518.72,26,SPATIAL_SHAPELY,0.99,False,Unpenalized Excursion / Sub-Threshold
VIO-AUT23-GAS-L5-Turn6,2023_Austrian_Grand_Prix_Race,GAS,5,Turn 6,45.22,45.92,0.7,180.9,1.69,-561.56,464.94,7,SPATIAL_SHAPELY,0.83,False,Unpenalized Excursion / Sub-Threshold
VIO-AUT23-GAS-L5-Turn7,2023_Austrian_Grand_Prix_Race,GAS,5,Turn 7,53.66,55.05,1.4,220.1,6.71,-369.62,249.4,12,SPATIAL_SHAPELY,0.99,False,Unpenalized Excursion / Sub-Threshold
VIO-AUT23-GAS-L5-Turn9,2023_Austrian_Grand_Prix_Race,GAS,5,Turn 9,61.97,62.74,0.77,215.8,2.65,220.79,304.6,7,SPATIAL_SHAPELY,0.91,False,Unpenalized Excursion / Sub-Threshold
VIO-AUT23-GAS-L5-Turn10,2023_Austrian_Grand_Prix_Race,GAS,5,Turn 10,68.93,71.84,2.9,270.5,1.93,2.27,-6.88,24,SPATIAL_SHAPELY,0.85,False,Unpenalized Excursion / Sub-Threshold
VIO-AUT23-GAS-L6-Turn1,2023_Austrian_Grand_Prix_Race,GAS,6,Turn 1,2.7,5.54,2.84,289.0,1.4,-354.26,-103.07,24,SPATIAL_SHAPELY,0.81,True,TRACK LIMITS AT TURN 10 LAP 6 
VIO-AUT23-GAS-L6-Turn3,2023_Austrian_Grand_Prix_Race,GAS,6,Turn 3,18.9,20.7,1.8,119.2,5.21,-945.83,620.98,13,SPATIAL_SHAPELY,0.99,True,TRACK LIMITS AT TURN 10 LAP 6 
VIO-AUT23-GAS-L6-Turn4,2023_Austrian_Grand_Prix_Race,GAS,6,Turn 4,36.9,39.86,2.96,129.0,5.52,-169.07,524.05,25,SPATIAL_SHAPELY,0.99,True,TRACK LIMITS AT TURN 10 LAP 6 
VIO-AUT23-GAS-L6-Turn6,2023_Austrian_Grand_Prix_Race,GAS,6,Turn 6,44.62,45.88,1.26,184.3,1.58,-562.97,464.44,14,SPATIAL_SHAPELY,0.83,True,TRACK LIMITS AT TURN 10 LAP 6 
VIO-AUT23-GAS-L6-Turn7,2023_Austrian_Grand_Prix_Race,GAS,6,Turn 7,53.14,54.82,1.68,220.0,6.72,-368.87,250.05,15,SPATIAL_SHAPELY,0.99,True,TRACK LIMITS AT TURN 10 LAP 6 
VIO-AUT23-GAS-L6-Turn9,2023_Austrian_Grand_Prix_Race,GAS,6,Turn 9,61.34,62.18,0.84,226.9,2.66,215.45,307.1,8,SPATIAL_SHAPELY,0.91,True,TRACK LIMITS AT TURN 10 LAP 6 
VIO-AUT23-GAS-L6-Turn10,2023_Austrian_Grand_Prix_Race,GAS,6,Turn 10,66.02,67.96,1.94,169.0,6.53,272.01,77.66,17,SPATIAL_SHAPELY,0.99,True,TRACK LIMITS AT TURN 10 LAP 6 
VIO-AUT23-GAS-L7-Turn1,2023_Austrian_Grand_Prix_Race,GAS,7,Turn 1,2.59,4.97,2.38,282.2,1.42,-354.01,-103.02,19,SPATIAL_SHAPELY,0.81,True,TRACK LIMITS AT TURN 10 (NEXT LAP)
VIO-AUT23-GAS-L7-Turn3,2023_Austrian_Grand_Prix_Race,GAS,7,Turn 3,18.84,20.45,1.61,120.0,5.31,-945.88,620.89,15,SPATIAL_SHAPELY,0.99,True,TRACK LIMITS AT TURN 10 (NEXT LAP)
VIO-AUT23-GAS-L7-Turn4,2023_Austrian_Grand_Prix_Race,GAS,7,Turn 4,36.65,39.79,3.14,136.2,5.56,-173.05,518.65,26,SPATIAL_SHAPELY,0.99,True,TRACK LIMITS AT TURN 10 (NEXT LAP)
VIO-AUT23-GAS-L7-Turn6,2023_Austrian_Grand_Prix_Race,GAS,7,Turn 6,44.43,45.69,1.26,183.2,1.5,-563.97,464.04,13,SPATIAL_SHAPELY,0.82,True,TRACK LIMITS AT TURN 10 (NEXT LAP)
VIO-AUT23-GAS-L7-Turn7,2023_Austrian_Grand_Prix_Race,GAS,7,Turn 7,52.97,54.53,1.56,213.4,6.74,-370.53,248.5,13,SPATIAL_SHAPELY,0.99,True,TRACK LIMITS AT TURN 10 (NEXT LAP)
VIO-AUT23-GAS-L7-Turn9,2023_Austrian_Grand_Prix_Race,GAS,7,Turn 9,61.31,61.93,0.62,229.6,2.7,209.61,309.3,6,SPATIAL_SHAPELY,0.92,True,TRACK LIMITS AT TURN 10 (NEXT LAP)
VIO-AUT23-GAS-L7-Turn10,2023_Austrian_Grand_Prix_Race,GAS,7,Turn 10,68.17,71.09,2.92,278.8,2.54,2.97,-6.68,24,SPATIAL_SHAPELY,0.9,True,TRACK LIMITS AT TURN 10 (NEXT LAP)
VIO-AUT23-GAS-L8-Turn1,2023_Austrian_Grand_Prix_Race,GAS,8,Turn 1,2.51,5.03,2.52,282.6,1.45,-360.26,-104.72,22,SPATIAL_SHAPELY,0.82,False,Unpenalized Excursion / Sub-Threshold
VIO-AUT23-GAS-L8-Turn3,2023_Austrian_Grand_Prix_Race,GAS,8,Turn 3,18.76,20.43,1.68,126.6,5.28,-945.22,620.28,12,SPATIAL_SHAPELY,0.99,False,Unpenalized Excursion / Sub-Threshold
VIO-AUT23-GAS-L8-Turn4,2023_Austrian_Grand_Prix_Race,GAS,8,Turn 4,36.79,39.75,2.96,130.2,5.56,-167.72,525.84,25,SPATIAL_SHAPELY,0.99,False,Unpenalized Excursion / Sub-Threshold
VIO-AUT23-GAS-L8-Turn6,2023_Austrian_Grand_Prix_Race,GAS,8,Turn 6,44.74,45.56,0.82,174.0,1.59,-562.59,464.61,9,SPATIAL_SHAPELY,0.83,False,Unpenalized Excursion / Sub-Threshold
VIO-AUT23-GAS-L8-Turn7,2023_Austrian_Grand_Prix_Race,GAS,8,Turn 7,53.27,55.02,1.74,209.0,6.74,-369.28,249.65,14,SPATIAL_SHAPELY,0.99,False,Unpenalized Excursion / Sub-Threshold
VIO-AUT23-GAS-L8-Turn9,2023_Austrian_Grand_Prix_Race,GAS,8,Turn 9,61.63,62.55,0.92,218.0,2.77,217.95,305.86,9,SPATIAL_SHAPELY,0.92,False,Unpenalized Excursion / Sub-Threshold
VIO-AUT23-GAS-L8-Turn10,2023_Austrian_Grand_Prix_Race,GAS,8,Turn 10,68.87,71.64,2.76,278.2,2.32,3.17,-6.58,25,SPATIAL_SHAPELY,0.89,False,Unpenalized Excursion / Sub-Threshold
VIO-AUT23-GAS-L9-Turn1,2023_Austrian_Grand_Prix_Race,GAS,9,Turn 1,2.48,4.84,2.36,217.0,1.4,-373.62,-108.24,18,SPATIAL_SHAPELY,0.81,False,Unpenalized Excursion / Sub-Threshold
VIO-AUT23-GAS-L9-Turn3,2023_Austrian_Grand_Prix_Race,GAS,9,Turn 3,18.88,20.28,1.4,113.4,5.21,-945.73,620.88,12,SPATIAL_SHAPELY,0.99,False,Unpenalized Excursion / Sub-Threshold
VIO-AUT23-GAS-L9-Turn4,2023_Austrian_Grand_Prix_Race,GAS,9,Turn 4,36.92,39.76,2.84,131.7,5.51,-170.33,522.34,25,SPATIAL_SHAPELY,0.99,False,Unpenalized Excursion / Sub-Threshold
VIO-AUT23-GAS-L9-Turn6,2023_Austrian_Grand_Prix_Race,GAS,9,Turn 6,44.58,45.88,1.3,190.0,1.47,-553.64,467.35,11,SPATIAL_SHAPELY,0.82,False,Unpenalized Excursion / Sub-Threshold
VIO-AUT23-GAS-L9-Turn7,2023_Austrian_Grand_Prix_Race,GAS,9,Turn 7,53.0,54.48,1.48,210.0,6.74,-367.12,251.6,13,SPATIAL_SHAPELY,0.99,False,Unpenalized Excursion / Sub-Threshold
VIO-AUT23-GAS-L9-Turn9,2023_Austrian_Grand_Prix_Race,GAS,9,Turn 9,61.46,62.4,0.94,230.1,2.64,210.92,308.9,9,SPATIAL_SHAPELY,0.91,False,Unpenalized Excursion / Sub-Threshold
VIO-AUT23-GAS-L10-Turn1,2023_Austrian_Grand_Prix_Race,GAS,10,Turn 1,2.51,5.03,2.52,261.4,1.4,-361.56,-105.02,20,SPATIAL_SHAPELY,0.81,False,Unpenalized Excursion / Sub-Threshold
VIO-AUT23-GAS-L10-Turn3,2023_Austrian_Grand_Prix_Race,GAS,10,Turn 3,18.73,20.15,1.42,122.7,5.21,-944.72,619.88,12,SPATIAL_SHAPELY,0.99,False,Unpenalized Excursion / Sub-Threshold
VIO-AUT23-GAS-L10-Turn4,2023_Austrian_Grand_Prix_Race,GAS,10,Turn 4,36.65,39.95,3.29,135.0,5.55,-173.45,518.12,23,SPATIAL_SHAPELY,0.99,False,Unpenalized Excursion / Sub-Threshold
VIO-AUT23-GAS-L10-Turn6,2023_Austrian_Grand_Prix_Race,GAS,10,Turn 6,44.51,45.87,1.36,183.0,1.56,-559.8,465.62,10,SPATIAL_SHAPELY,0.82,False,Unpenalized Excursion / Sub-Threshold
VIO-AUT23-GAS-L10-Turn7,2023_Austrian_Grand_Prix_Race,GAS,10,Turn 7,52.93,54.55,1.62,210.1,6.78,-368.51,250.29,15,SPATIAL_SHAPELY,0.99,False,Unpenalized Excursion / Sub-Threshold
VIO-AUT23-GAS-L10-Turn9,2023_Austrian_Grand_Prix_Race,GAS,10,Turn 9,61.43,62.25,0.82,225.4,2.71,212.13,308.4,7,SPATIAL_SHAPELY,0.92,False,Unpenalized Excursion / Sub-Threshold
VIO-AUT23-GAS-L11-Turn1,2023_Austrian_Grand_Prix_Race,GAS,11,Turn 1,2.42,4.99,2.58,220.2,1.41,-366.0,-106.22,18,SPATIAL_SHAPELY,0.81,False,Unpenalized Excursion / Sub-Threshold
VIO-AUT23-GAS-L11-Turn3,2023_Austrian_Grand_Prix_Race,GAS,11,Turn 3,19.05,20.41,1.36,130.0,5.19,-946.44,621.62,12,SPATIAL_SHAPELY,0.99,False,Unpenalized Excursion / Sub-Threshold
VIO-AUT23-GAS-L11-Turn4,2023_Austrian_Grand_Prix_Race,GAS,11,Turn 4,36.67,39.7,3.02,129.6,5.56,-169.83,522.94,26,SPATIAL_SHAPELY,0.99,False,Unpenalized Excursion / Sub-Threshold
VIO-AUT23-GAS-L11-Turn6,2023_Austrian_Grand_Prix_Race,GAS,11,Turn 6,44.52,45.22,0.7,184.0,1.54,-574.1,458.84,7,SPATIAL_SHAPELY,0.82,False,Unpenalized Excursion / Sub-Threshold
VIO-AUT23-GAS-L11-Turn7,2023_Austrian_Grand_Prix_Race,GAS,11,Turn 7,52.67,54.35,1.68,217.1,6.71,-359.65,258.38,14,SPATIAL_SHAPELY,0.99,False,Unpenalized Excursion / Sub-Threshold
VIO-AUT23-GAS-L11-Turn9,2023_Austrian_Grand_Prix_Race,GAS,11,Turn 9,61.22,61.94,0.72,221.4,2.73,221.79,304.01,7,SPATIAL_SHAPELY,0.92,False,Unpenalized Excursion / Sub-Threshold
VIO-AUT23-GAS-L12-Turn1,2023_Austrian_Grand_Prix_Race,GAS,12,Turn 1,2.59,5.55,2.96,239.6,1.43,-367.41,-106.61,23,SPATIAL_SHAPELY,0.81,False,Unpenalized Excursion / Sub-Threshold
VIO-AUT23-GAS-L12-Turn3,2023_Austrian_Grand_Prix_Race,GAS,12,Turn 3,19.27,20.89,1.62,127.0,5.24,-947.06,622.17,13,SPATIAL_SHAPELY,0.99,False,Unpenalized Excursion / Sub-Threshold
VIO-AUT23-GAS-L12-Turn4,2023_Austrian_Grand_Prix_Race,GAS,12,Turn 4,37.27,40.35,3.08,138.0,5.54,-174.19,517.2,23,SPATIAL_SHAPELY,0.99,False,Unpenalized Excursion / Sub-Threshold
VIO-AUT23-GAS-L12-Turn6,2023_Austrian_Grand_Prix_Race,GAS,12,Turn 6,45.15,46.09,0.94,182.0,1.43,-565.36,463.46,7,SPATIAL_SHAPELY,0.81,False,Unpenalized Excursion / Sub-Threshold
VIO-AUT23-GAS-L12-Turn7,2023_Austrian_Grand_Prix_Race,GAS,12,Turn 7,53.35,54.83,1.48,215.0,6.77,-368.98,249.89,12,SPATIAL_SHAPELY,0.99,False,Unpenalized Excursion / Sub-Threshold
VIO-AUT23-GAS-L12-Turn9,2023_Austrian_Grand_Prix_Race,GAS,12,Turn 9,61.59,62.47,0.88,226.0,2.92,221.46,303.97,8,SPATIAL_SHAPELY,0.93,False,Unpenalized Excursion / Sub-Threshold
VIO-AUT23-GAS-L12-Turn10,2023_Austrian_Grand_Prix_Race,GAS,12,Turn 10,66.11,67.91,1.8,177.0,6.07,268.85,75.96,17,SPATIAL_SHAPELY,0.99,False,Unpenalized Excursion / Sub-Threshold
VIO-AUT23-GAS-L13-Turn1,2023_Austrian_Grand_Prix_Race,GAS,13,Turn 1,2.62,5.37,2.76,283.0,1.37,-341.53,-99.63,22,SPATIAL_SHAPELY,0.81,False,Unpenalized Excursion / Sub-Threshold
VIO-AUT23-GAS-L13-Turn3,2023_Austrian_Grand_Prix_Race,GAS,13,Turn 3,19.09,20.78,1.68,122.6,5.15,-947.04,622.28,16,SPATIAL_SHAPELY,0.99,False,Unpenalized Excursion / Sub-Threshold
VIO-AUT23-GAS-L13-Turn4,2023_Austrian_Grand_Prix_Race,GAS,13,Turn 4,37.04,40.08,3.04,131.0,5.61,-167.97,525.4,24,SPATIAL_SHAPELY,0.99,False,Unpenalized Excursion / Sub-Threshold
VIO-AUT23-GAS-L13-Turn6,2023_Austrian_Grand_Prix_Race,GAS,13,Turn 6,44.74,46.01,1.28,189.7,1.36,-568.0,462.24,11,SPATIAL_SHAPELY,0.81,False,Unpenalized Excursion / Sub-Threshold
VIO-AUT23-GAS-L13-Turn7,2023_Austrian_Grand_Prix_Race,GAS,13,Turn 7,53.01,54.62,1.6,213.0,6.65,-371.34,247.84,14,SPATIAL_SHAPELY,0.99,False,Unpenalized Excursion / Sub-Threshold
VIO-AUT23-GAS-L13-Turn9,2023_Austrian_Grand_Prix_Race,GAS,13,Turn 9,61.4,62.18,0.78,242.4,2.67,210.82,308.9,7,SPATIAL_SHAPELY,0.91,False,Unpenalized Excursion / Sub-Threshold
VIO-AUT23-GAS-L13-Turn10,2023_Austrian_Grand_Prix_Race,GAS,13,Turn 10,68.16,71.11,2.95,270.8,2.14,3.37,-6.58,22,SPATIAL_SHAPELY,0.87,False,Unpenalized Excursion / Sub-Threshold
VIO-AUT23-GAS-L14-Turn1,2023_Austrian_Grand_Prix_Race,GAS,14,Turn 1,2.57,5.37,2.8,216.0,1.35,-366.39,-106.26,25,SPATIAL_SHAPELY,0.81,False,Unpenalized Excursion / Sub-Threshold
VIO-AUT23-GAS-L14-Turn3,2023_Austrian_Grand_Prix_Race,GAS,14,Turn 3,19.61,21.33,1.72,114.8,5.2,-942.81,617.99,15,SPATIAL_SHAPELY,0.99,False,Unpenalized Excursion / Sub-Threshold
VIO-AUT23-GAS-L14-Turn4,2023_Austrian_Grand_Prix_Race,GAS,14,Turn 4,37.7,40.66,2.96,128.0,5.64,-168.15,525.1,21,SPATIAL_SHAPELY,0.99,False,Unpenalized Excursion / Sub-Threshold
VIO-AUT23-GAS-L14-Turn6,2023_Austrian_Grand_Prix_Race,GAS,14,Turn 6,45.26,46.63,1.36,185.0,1.51,-572.4,459.8,12,SPATIAL_SHAPELY,0.82,False,Unpenalized Excursion / Sub-Threshold
VIO-AUT23-GAS-L14-Turn7,2023_Austrian_Grand_Prix_Race,GAS,14,Turn 7,54.5,57.5,3.0,117.0,6.73,-368.81,250.1,23,SPATIAL_SHAPELY,0.99,False,Unpenalized Excursion / Sub-Threshold
VIO-AUT23-GAS-L14-Turn9,2023_Austrian_Grand_Prix_Race,GAS,14,Turn 9,66.7,68.02,1.32,144.0,2.86,219.07,305.2,11,SPATIAL_SHAPELY,0.93,False,Unpenalized Excursion / Sub-Threshold
VIO-AUT23-GAS-L15-Turn1,2023_Austrian_Grand_Prix_Race,GAS,15,Turn 1,14.61,24.37,9.76,89.0,7.63,-427.98,-102.25,75,SPATIAL_SHAPELY,0.99,False,Unpenalized Excursion / Sub-Threshold
VIO-AUT23-GAS-L15-Turn3,2023_Austrian_Grand_Prix_Race,GAS,15,Turn 3,40.93,43.43,2.5,76.8,5.21,-943.91,619.08,21,SPATIAL_SHAPELY,0.99,False,Unpenalized Excursion / Sub-Threshold
VIO-AUT23-GAS-L15-Turn4,2023_Austrian_Grand_Prix_Race,GAS,15,Turn 4,64.63,67.91,3.28,124.0,5.53,-169.96,522.82,25,SPATIAL_SHAPELY,0.99,False,Unpenalized Excursion / Sub-Threshold
VIO-AUT23-GAS-L15-Turn6,2023_Austrian_Grand_Prix_Race,GAS,15,Turn 6,74.15,75.83,1.68,149.0,1.7,-563.53,464.03,16,SPATIAL_SHAPELY,0.84,False,Unpenalized Excursion / Sub-Threshold
VIO-AUT23-GAS-L15-Turn7,2023_Austrian_Grand_Prix_Race,GAS,15,Turn 7,84.27,86.23,1.96,189.1,6.7,-368.41,250.49,15,SPATIAL_SHAPELY,0.99,False,Unpenalized Excursion / Sub-Threshold
VIO-AUT23-GAS-L15-Turn9,2023_Austrian_Grand_Prix_Race,GAS,15,Turn 9,95.19,96.39,1.2,166.0,2.89,213.54,307.7,8,SPATIAL_SHAPELY,0.93,False,Unpenalized Excursion / Sub-Threshold
VIO-AUT23-GAS-L15-Turn10,2023_Austrian_Grand_Prix_Race,GAS,15,Turn 10,103.95,107.59,3.64,191.0,1.93,3.59,-6.52,30,SPATIAL_SHAPELY,0.85,False,Unpenalized Excursion / Sub-Threshold
VIO-AUT23-GAS-L16-Turn1,2023_Austrian_Grand_Prix_Race,GAS,16,Turn 1,3.38,6.4,3.02,212.0,1.4,-370.17,-107.32,22,SPATIAL_SHAPELY,0.81,False,Unpenalized Excursion / Sub-Threshold
VIO-AUT23-GAS-L16-Turn3,2023_Austrian_Grand_Prix_Race,GAS,16,Turn 3,20.32,21.64,1.32,132.6,5.21,-944.92,620.08,11,SPATIAL_SHAPELY,0.99,False,Unpenalized Excursion / Sub-Threshold
VIO-AUT23-GAS-L16-Turn4,2023_Austrian_Grand_Prix_Race,GAS,16,Turn 4,38.62,41.78,3.16,130.1,5.52,-168.42,524.94,25,SPATIAL_SHAPELY,0.99,False,Unpenalized Excursion / Sub-Threshold
VIO-AUT23-GAS-L16-Turn6,2023_Austrian_Grand_Prix_Race,GAS,16,Turn 6,46.4,47.8,1.4,176.0,2.01,-563.39,463.75,12,SPATIAL_SHAPELY,0.86,False,Unpenalized Excursion / Sub-Threshold
VIO-AUT23-GAS-L16-Turn7,2023_Austrian_Grand_Prix_Race,GAS,16,Turn 7,55.34,56.62,1.28,215.0,6.72,-366.75,251.96,8,SPATIAL_SHAPELY,0.99,False,Unpenalized Excursion / Sub-Threshold
VIO-AUT23-GAS-L16-Turn9,2023_Austrian_Grand_Prix_Race,GAS,16,Turn 9,63.6,64.38,0.78,225.0,2.72,215.19,307.15,8,SPATIAL_SHAPELY,0.92,False,Unpenalized Excursion / Sub-Threshold
VIO-AUT23-GAS-L16-Turn10,2023_Austrian_Grand_Prix_Race,GAS,16,Turn 10,68.14,69.92,1.78,171.0,6.04,269.37,76.36,17,SPATIAL_SHAPELY,0.99,False,Unpenalized Excursion / Sub-Threshold
VIO-AUT23-GAS-L17-Turn1,2023_Austrian_Grand_Prix_Race,GAS,17,Turn 1,2.52,5.01,2.5,271.0,1.39,-352.36,-102.55,22,SPATIAL_SHAPELY,0.81,False,Unpenalized Excursion / Sub-Threshold
VIO-AUT23-GAS-L17-Turn3,2023_Austrian_Grand_Prix_Race,GAS,17,Turn 3,18.72,20.26,1.54,128.0,5.29,-944.97,620.01,12,SPATIAL_SHAPELY,0.99,False,Unpenalized Excursion / Sub-Threshold
VIO-AUT23-GAS-L17-Turn4,2023_Austrian_Grand_Prix_Race,GAS,17,Turn 4,36.64,39.68,3.04,135.0,5.62,-169.05,523.9,26,SPATIAL_SHAPELY,0.99,False,Unpenalized Excursion / Sub-Threshold
VIO-AUT23-GAS-L17-Turn6,2023_Austrian_Grand_Prix_Race,GAS,17,Turn 6,44.45,45.68,1.22,186.0,1.57,-561.44,465.1,12,SPATIAL_SHAPELY,0.83,False,Unpenalized Excursion / Sub-Threshold
VIO-AUT23-GAS-L17-Turn7,2023_Austrian_Grand_Prix_Race,GAS,17,Turn 7,52.69,54.17,1.48,218.0,6.75,-371.03,248.0,11,SPATIAL_SHAPELY,0.99,False,Unpenalized Excursion / Sub-Threshold
VIO-AUT23-GAS-L17-Turn9,2023_Austrian_Grand_Prix_Race,GAS,17,Turn 9,60.85,61.69,0.84,228.7,2.72,218.17,305.8,8,SPATIAL_SHAPELY,0.92,False,Unpenalized Excursion / Sub-Threshold
VIO-AUT23-GAS-L17-Turn10,2023_Austrian_Grand_Prix_Race,GAS,17,Turn 10,67.62,70.59,2.97,270.2,1.73,2.06,-6.88,26,SPATIAL_SHAPELY,0.84,False,Unpenalized Excursion / Sub-Threshold
VIO-AUT23-GAS-L18-Turn1,2023_Austrian_Grand_Prix_Race,GAS,18,Turn 1,2.67,5.23,2.56,266.0,1.46,-358.21,-104.18,20,SPATIAL_SHAPELY,0.82,False,Unpenalized Excursion / Sub-Threshold
VIO-AUT23-GAS-L18-Turn3,2023_Austrian_Grand_Prix_Race,GAS,18,Turn 3,18.99,20.47,1.48,130.0,5.25,-944.97,620.08,14,SPATIAL_SHAPELY,0.99,False,Unpenalized Excursion / Sub-Threshold
VIO-AUT23-GAS-L18-Turn4,2023_Austrian_Grand_Prix_Race,GAS,18,Turn 4,36.07,39.09,3.02,132.0,5.58,-170.09,522.55,25,SPATIAL_SHAPELY,0.99,False,Unpenalized Excursion / Sub-Threshold
VIO-AUT23-GAS-L18-Turn6,2023_Austrian_Grand_Prix_Race,GAS,18,Turn 6,43.87,45.19,1.32,189.7,1.32,-567.9,462.34,10,SPATIAL_SHAPELY,0.81,False,Unpenalized Excursion / Sub-Threshold
VIO-AUT23-GAS-L18-Turn7,2023_Austrian_Grand_Prix_Race,GAS,18,Turn 7,52.07,53.65,1.58,222.0,6.78,-368.31,250.47,14,SPATIAL_SHAPELY,0.99,False,Unpenalized Excursion / Sub-Threshold
VIO-AUT23-GAS-L18-Turn9,2023_Austrian_Grand_Prix_Race,GAS,18,Turn 9,60.35,61.25,0.9,234.0,2.7,221.49,304.2,4,SPATIAL_SHAPELY,0.92,False,Unpenalized Excursion / Sub-Threshold
VIO-AUT23-GAS-L19-Turn1,2023_Austrian_Grand_Prix_Race,GAS,19,Turn 1,2.54,5.22,2.68,233.5,1.43,-367.41,-106.61,23,SPATIAL_SHAPELY,0.81,False,Unpenalized Excursion / Sub-Threshold
VIO-AUT23-GAS-L19-Turn3,2023_Austrian_Grand_Prix_Race,GAS,19,Turn 3,19.22,20.84,1.62,149.4,5.2,-941.7,616.89,14,SPATIAL_SHAPELY,0.99,False,Unpenalized Excursion / Sub-Threshold
VIO-AUT23-GAS-L19-Turn4,2023_Austrian_Grand_Prix_Race,GAS,19,Turn 4,37.16,39.96,2.8,139.0,5.65,-175.47,515.37,26,SPATIAL_SHAPELY,0.99,False,Unpenalized Excursion / Sub-Threshold
VIO-AUT23-GAS-L19-Turn6,2023_Austrian_Grand_Prix_Race,GAS,19,Turn 6,44.72,45.28,0.56,187.0,1.6,-572.38,459.72,6,SPATIAL_SHAPELY,0.83,False,Unpenalized Excursion / Sub-Threshold
VIO-AUT23-GAS-L19-Turn7,2023_Austrian_Grand_Prix_Race,GAS,19,Turn 7,52.78,54.28,1.5,221.0,6.72,-370.0,249.03,13,SPATIAL_SHAPELY,0.99,False,Unpenalized Excursion / Sub-Threshold
VIO-AUT23-GAS-L19-Turn9,2023_Austrian_Grand_Prix_Race,GAS,19,Turn 9,61.1,61.5,0.4,238.2,2.69,219.48,305.2,4,SPATIAL_SHAPELY,0.91,False,Unpenalized Excursion / Sub-Threshold
VIO-AUT23-GAS-L20-Turn1,2023_Austrian_Grand_Prix_Race,GAS,20,Turn 1,2.65,5.05,2.4,225.0,1.4,-368.29,-106.82,20,SPATIAL_SHAPELY,0.81,False,Unpenalized Excursion / Sub-Threshold
VIO-AUT23-GAS-L20-Turn3,2023_Austrian_Grand_Prix_Race,GAS,20,Turn 3,19.19,20.83,1.64,128.9,5.13,-941.4,616.69,14,SPATIAL_SHAPELY,0.99,False,Unpenalized Excursion / Sub-Threshold
VIO-AUT23-GAS-L20-Turn4,2023_Austrian_Grand_Prix_Race,GAS,20,Turn 4,36.89,40.01,3.12,129.0,5.51,-168.21,525.25,24,SPATIAL_SHAPELY,0.99,False,Unpenalized Excursion / Sub-Threshold
VIO-AUT23-GAS-L20-Turn6,2023_Austrian_Grand_Prix_Race,GAS,20,Turn 6,44.65,45.73,1.08,193.5,1.3,-570.92,460.85,9,SPATIAL_SHAPELY,0.8,False,Unpenalized Excursion / Sub-Threshold
VIO-AUT23-GAS-L20-Turn7,2023_Austrian_Grand_Prix_Race,GAS,20,Turn 7,52.75,54.05,1.3,220.5,6.69,-367.2,251.59,11,SPATIAL_SHAPELY,0.99,False,Unpenalized Excursion / Sub-Threshold
VIO-AUT23-GAS-L20-Turn9,2023_Austrian_Grand_Prix_Race,GAS,20,Turn 9,60.91,61.35,0.44,245.0,2.77,217.15,306.23,5,SPATIAL_SHAPELY,0.92,False,Unpenalized Excursion / Sub-Threshold
VIO-AUT23-GAS-L20-Turn10,2023_Austrian_Grand_Prix_Race,GAS,20,Turn 10,67.63,70.49,2.86,271.8,1.46,4.08,-6.38,23,SPATIAL_SHAPELY,0.82,False,Unpenalized Excursion / Sub-Threshold
VIO-AUT23-GAS-L21-Turn1,2023_Austrian_Grand_Prix_Race,GAS,21,Turn 1,2.62,5.14,2.52,241.6,1.42,-365.59,-106.12,21,SPATIAL_SHAPELY,0.81,False,Unpenalized Excursion / Sub-Threshold
VIO-AUT23-GAS-L21-Turn3,2023_Austrian_Grand_Prix_Race,GAS,21,Turn 3,19.22,20.74,1.52,135.0,5.16,-944.24,619.48,13,SPATIAL_SHAPELY,0.99,False,Unpenalized Excursion / Sub-Threshold
VIO-AUT23-GAS-L21-Turn4,2023_Austrian_Grand_Prix_Race,GAS,21,Turn 4,36.86,39.86,3.0,131.8,5.47,-167.01,526.94,24,SPATIAL_SHAPELY,0.99,False,Unpenalized Excursion / Sub-Threshold
VIO-AUT23-GAS-L21-Turn6,2023_Austrian_Grand_Prix_Race,GAS,21,Turn 6,44.58,45.5,0.92,200.0,1.43,-558.26,466.25,9,SPATIAL_SHAPELY,0.81,False,Unpenalized Excursion / Sub-Threshold
VIO-AUT23-GAS-L21-Turn7,2023_Austrian_Grand_Prix_Race,GAS,21,Turn 7,52.58,54.18,1.6,225.0,6.64,-364.55,254.0,14,SPATIAL_SHAPELY,0.99,False,Unpenalized Excursion / Sub-Threshold
VIO-AUT23-GAS-L21-Turn9,2023_Austrian_Grand_Prix_Race,GAS,21,Turn 9,60.94,61.52,0.58,238.0,2.69,216.96,306.4,7,SPATIAL_SHAPELY,0.92,False,Unpenalized Excursion / Sub-Threshold
VIO-AUT23-GAS-L22-Turn1,2023_Austrian_Grand_Prix_Race,GAS,22,Turn 1,2.54,5.24,2.7,213.0,1.42,-375.36,-108.72,21,SPATIAL_SHAPELY,0.81,True,TRACK LIMITS AT TURN 9 LAP 22 
VIO-AUT23-GAS-L22-Turn3,2023_Austrian_Grand_Prix_Race,GAS,22,Turn 3,19.28,20.6,1.32,131.0,5.21,-941.1,616.28,12,SPATIAL_SHAPELY,0.99,True,TRACK LIMITS AT TURN 9 LAP 22 
VIO-AUT23-GAS-L22-Turn4,2023_Austrian_Grand_Prix_Race,GAS,22,Turn 4,36.72,39.72,3.0,124.0,5.59,-167.72,525.78,24,SPATIAL_SHAPELY,0.99,True,TRACK LIMITS AT TURN 9 LAP 22 
VIO-AUT23-GAS-L22-Turn6,2023_Austrian_Grand_Prix_Race,GAS,22,Turn 6,44.56,45.52,0.96,202.0,1.48,-556.31,466.7,8,SPATIAL_SHAPELY,0.82,True,TRACK LIMITS AT TURN 9 LAP 22 
VIO-AUT23-GAS-L22-Turn7,2023_Austrian_Grand_Prix_Race,GAS,22,Turn 7,52.8,54.24,1.44,222.0,6.68,-370.84,248.28,12,SPATIAL_SHAPELY,0.99,True,TRACK LIMITS AT TURN 9 LAP 22 
VIO-AUT23-GAS-L22-Turn9,2023_Austrian_Grand_Prix_Race,GAS,22,Turn 9,61.04,61.82,0.78,241.0,2.71,214.3,307.56,7,SPATIAL_SHAPELY,0.92,True,TRACK LIMITS AT TURN 9 LAP 22 
VIO-AUT23-GAS-L23-Turn1,2023_Austrian_Grand_Prix_Race,GAS,23,Turn 1,2.79,5.18,2.4,272.0,1.4,-343.34,-100.14,19,SPATIAL_SHAPELY,0.81,False,Unpenalized Excursion / Sub-Threshold
VIO-AUT23-GAS-L23-Turn3,2023_Austrian_Grand_Prix_Race,GAS,23,Turn 3,19.16,20.46,1.3,134.0,5.22,-944.51,619.65,13,SPATIAL_SHAPELY,0.99,False,Unpenalized Excursion / Sub-Threshold
VIO-AUT23-GAS-L23-Turn4,2023_Austrian_Grand_Prix_Race,GAS,23,Turn 4,36.92,39.98,3.06,135.6,5.54,-170.74,521.74,23,SPATIAL_SHAPELY,0.99,False,Unpenalized Excursion / Sub-Threshold
VIO-AUT23-GAS-L23-Turn6,2023_Austrian_Grand_Prix_Race,GAS,23,Turn 6,44.62,45.74,1.12,188.4,1.54,-563.27,464.34,12,SPATIAL_SHAPELY,0.82,False,Unpenalized Excursion / Sub-Threshold
VIO-AUT23-GAS-L23-Turn7,2023_Austrian_Grand_Prix_Race,GAS,23,Turn 7,52.58,54.37,1.78,218.0,6.72,-365.69,252.89,14,SPATIAL_SHAPELY,0.99,False,Unpenalized Excursion / Sub-Threshold
VIO-AUT23-GAS-L23-Turn9,2023_Austrian_Grand_Prix_Race,GAS,23,Turn 9,61.1,61.78,0.68,236.1,2.71,209.31,309.4,6,SPATIAL_SHAPELY,0.92,False,Unpenalized Excursion / Sub-Threshold
VIO-AUT23-GAS-L24-Turn1,2023_Austrian_Grand_Prix_Race,GAS,24,Turn 1,2.51,5.27,2.76,267.0,1.38,-348.91,-101.61,23,SPATIAL_SHAPELY,0.81,False,Unpenalized Excursion / Sub-Threshold
VIO-AUT23-GAS-L24-Turn3,2023_Austrian_Grand_Prix_Race,GAS,24,Turn 3,19.19,20.65,1.46,123.0,5.23,-944.18,619.32,12,SPATIAL_SHAPELY,0.99,False,Unpenalized Excursion / Sub-Threshold
VIO-AUT23-GAS-L24-Turn4,2023_Austrian_Grand_Prix_Race,GAS,24,Turn 4,36.75,39.71,2.96,128.1,5.56,-169.03,524.04,23,SPATIAL_SHAPELY,0.99,False,Unpenalized Excursion / Sub-Threshold
VIO-AUT23-GAS-L24-Turn6,2023_Austrian_Grand_Prix_Race,GAS,24,Turn 6,44.47,45.71,1.24,195.0,1.51,-563.28,464.36,12,SPATIAL_SHAPELY,0.82,False,Unpenalized Excursion / Sub-Threshold
VIO-AUT23-GAS-L24-Turn7,2023_Austrian_Grand_Prix_Race,GAS,24,Turn 7,52.61,54.17,1.56,215.0,6.79,-371.25,247.74,11,SPATIAL_SHAPELY,0.99,False,Unpenalized Excursion / Sub-Threshold
VIO-AUT23-GAS-L24-Turn9,2023_Austrian_Grand_Prix_Race,GAS,24,Turn 9,60.77,61.59,0.82,237.0,2.67,221.46,304.26,6,SPATIAL_SHAPELY,0.91,False,Unpenalized Excursion / Sub-Threshold
VIO-AUT23-GAS-L25-Turn1,2023_Austrian_Grand_Prix_Race,GAS,25,Turn 1,2.53,5.17,2.64,220.9,1.41,-371.23,-107.61,22,SPATIAL_SHAPELY,0.81,True,TRACK LIMITS AT TURN 10 LAP 25 
VIO-AUT23-GAS-L25-Turn3,2023_Austrian_Grand_Prix_Race,GAS,25,Turn 3,19.17,20.67,1.5,133.0,5.24,-942.29,617.42,14,SPATIAL_SHAPELY,0.99,True,TRACK LIMITS AT TURN 10 LAP 25 
VIO-AUT23-GAS-L25-Turn4,2023_Austrian_Grand_Prix_Race,GAS,25,Turn 4,36.73,40.01,3.28,130.0,5.59,-168.35,524.91,24,SPATIAL_SHAPELY,0.99,True,TRACK LIMITS AT TURN 10 LAP 25 
VIO-AUT23-GAS-L25-Turn6,2023_Austrian_Grand_Prix_Race,GAS,25,Turn 6,44.51,45.69,1.18,197.0,1.54,-559.82,465.64,11,SPATIAL_SHAPELY,0.82,True,TRACK LIMITS AT TURN 10 LAP 25 
VIO-AUT23-GAS-L25-Turn7,2023_Austrian_Grand_Prix_Race,GAS,25,Turn 7,52.63,54.05,1.42,223.0,6.7,-359.85,258.22,13,SPATIAL_SHAPELY,0.99,True,TRACK LIMITS AT TURN 10 LAP 25 
VIO-AUT23-GAS-L25-Turn9,2023_Austrian_Grand_Prix_Race,GAS,25,Turn 9,61.13,61.77,0.64,240.0,2.71,213.25,308.0,8,SPATIAL_SHAPELY,0.92,True,TRACK LIMITS AT TURN 10 LAP 25 
VIO-AUT23-GAS-L25-Turn10,2023_Austrian_Grand_Prix_Race,GAS,25,Turn 10,67.71,70.54,2.83,271.1,1.54,3.98,-6.38,23,SPATIAL_SHAPELY,0.82,True,TRACK LIMITS AT TURN 10 LAP 25 
VIO-AUT23-TSU-L1-Turn1,2023_Austrian_Grand_Prix_Race,TSU,1,Turn 1,6.46,9.76,3.29,190.0,1.45,-367.87,-106.75,25,SPATIAL_SHAPELY,0.82,False,Unpenalized Excursion / Sub-Threshold
VIO-AUT23-TSU-L1-Turn3,2023_Austrian_Grand_Prix_Race,TSU,1,Turn 3,25.02,26.8,1.77,135.3,5.2,-941.1,616.29,14,SPATIAL_SHAPELY,0.99,False,Unpenalized Excursion / Sub-Threshold
VIO-AUT23-TSU-L1-Turn4,2023_Austrian_Grand_Prix_Race,TSU,1,Turn 4,43.32,52.82,9.5,39.0,5.46,-172.35,519.75,74,SPATIAL_SHAPELY,0.99,False,Unpenalized Excursion / Sub-Threshold
VIO-AUT23-TSU-L1-Turn6,2023_Austrian_Grand_Prix_Race,TSU,1,Turn 6,63.68,67.39,3.72,69.0,1.91,-562.84,464.13,32,SPATIAL_SHAPELY,0.85,False,Unpenalized Excursion / Sub-Threshold
VIO-AUT23-TSU-L1-Turn7,2023_Austrian_Grand_Prix_Race,TSU,1,Turn 7,75.72,76.94,1.23,189.5,3.55,-561.25,270.26,11,SPATIAL_SHAPELY,0.98,False,Unpenalized Excursion / Sub-Threshold
VIO-AUT23-TSU-L1-Turn9,2023_Austrian_Grand_Prix_Race,TSU,1,Turn 9,91.52,92.62,1.11,157.7,2.89,212.73,308.0,9,SPATIAL_SHAPELY,0.93,False,Unpenalized Excursion / Sub-Threshold
VIO-AUT23-TSU-L1-Turn10,2023_Austrian_Grand_Prix_Race,TSU,1,Turn 10,96.88,104.52,7.64,142.1,28.82,258.65,124.2,58,SPATIAL_SHAPELY,0.99,False,Unpenalized Excursion / Sub-Threshold
VIO-AUT23-TSU-L2-Turn1,2023_Austrian_Grand_Prix_Race,TSU,2,Turn 1,9.57,33.01,23.45,78.6,7.6,-429.03,-101.92,185,SPATIAL_SHAPELY,0.99,False,Unpenalized Excursion / Sub-Threshold
VIO-AUT23-TSU-L2-Turn3,2023_Austrian_Grand_Prix_Race,TSU,2,Turn 3,48.29,50.09,1.8,114.0,5.25,-945.03,620.12,16,SPATIAL_SHAPELY,0.99,False,Unpenalized Excursion / Sub-Threshold
VIO-AUT23-TSU-L2-Turn4,2023_Austrian_Grand_Prix_Race,TSU,2,Turn 4,70.61,74.61,4.01,115.0,5.62,-171.71,520.32,32,SPATIAL_SHAPELY,0.99,False,Unpenalized Excursion / Sub-Threshold
VIO-AUT23-TSU-L2-Turn6,2023_Austrian_Grand_Prix_Race,TSU,2,Turn 6,81.01,82.65,1.64,142.4,1.69,-559.34,465.64,15,SPATIAL_SHAPELY,0.83,False,Unpenalized Excursion / Sub-Threshold
VIO-AUT23-TSU-L2-Turn7,2023_Austrian_Grand_Prix_Race,TSU,2,Turn 7,91.85,94.13,2.28,161.0,6.68,-369.83,249.24,16,SPATIAL_SHAPELY,0.99,False,Unpenalized Excursion / Sub-Threshold
VIO-AUT23-TSU-L2-Turn9,2023_Austrian_Grand_Prix_Race,TSU,2,Turn 9,103.51,105.55,2.04,109.0,3.03,222.88,303.04,16,SPATIAL_SHAPELY,0.94,False,Unpenalized Excursion / Sub-Threshold
VIO-AUT23-TSU-L3-Turn1,2023_Austrian_Grand_Prix_Race,TSU,3,Turn 1,9.09,20.49,11.4,68.0,7.49,-429.33,-101.86,91,SPATIAL_SHAPELY,0.99,False,Unpenalized Excursion / Sub-Threshold
VIO-AUT23-TSU-L3-Turn3,2023_Austrian_Grand_Prix_Race,TSU,3,Turn 3,34.99,36.65,1.66,110.0,5.25,-946.1,621.2,11,SPATIAL_SHAPELY,0.99,False,Unpenalized Excursion / Sub-Threshold
VIO-AUT23-TSU-L3-Turn4,2023_Austrian_Grand_Prix_Race,TSU,3,Turn 4,54.29,57.37,3.07,133.2,5.56,-169.83,522.94,26,SPATIAL_SHAPELY,0.99,False,Unpenalized Excursion / Sub-Threshold
VIO-AUT23-TSU-L3-Turn6,2023_Austrian_Grand_Prix_Race,TSU,3,Turn 6,62.25,63.59,1.34,183.2,1.67,-562.76,464.44,11,SPATIAL_SHAPELY,0.83,False,Unpenalized Excursion / Sub-Threshold
VIO-AUT23-TSU-L3-Turn7,2023_Austrian_Grand_Prix_Race,TSU,3,Turn 7,75.17,78.41,3.23,94.0,6.73,-370.43,248.61,26,SPATIAL_SHAPELY,0.99,False,Unpenalized Excursion / Sub-Threshold
VIO-AUT23-TSU-L3-Turn9,2023_Austrian_Grand_Prix_Race,TSU,3,Turn 9,86.09,86.89,0.8,208.0,2.65,225.62,301.91,7,SPATIAL_SHAPELY,0.91,False,Unpenalized Excursion / Sub-Threshold
VIO-AUT23-TSU-L3-Turn10,2023_Austrian_Grand_Prix_Race,TSU,3,Turn 10,93.29,96.31,3.03,272.8,1.37,1.66,-7.08,24,SPATIAL_SHAPELY,0.81,False,Unpenalized Excursion / Sub-Threshold
VIO-AUT23-TSU-L4-Turn1,2023_Austrian_Grand_Prix_Race,TSU,4,Turn 1,2.45,5.13,2.68,221.4,1.44,-367.0,-106.51,19,SPATIAL_SHAPELY,0.82,False,Unpenalized Excursion / Sub-Threshold
VIO-AUT23-TSU-L4-Turn3,2023_Austrian_Grand_Prix_Race,TSU,4,Turn 3,19.08,20.33,1.25,147.0,5.27,-944.35,619.42,12,SPATIAL_SHAPELY,0.99,False,Unpenalized Excursion / Sub-Threshold
VIO-AUT23-TSU-L4-Turn4,2023_Austrian_Grand_Prix_Race,TSU,4,Turn 4,36.65,40.14,3.48,109.7,5.55,-170.13,522.54,29,SPATIAL_SHAPELY,0.99,False,Unpenalized Excursion / Sub-Threshold
VIO-AUT23-TSU-L4-Turn6,2023_Austrian_Grand_Prix_Race,TSU,4,Turn 6,45.0,46.17,1.17,171.0,1.45,-568.65,461.82,10,SPATIAL_SHAPELY,0.82,False,Unpenalized Excursion / Sub-Threshold
VIO-AUT23-TSU-L4-Turn7,2023_Austrian_Grand_Prix_Race,TSU,4,Turn 7,53.81,55.41,1.6,212.9,6.74,-370.33,248.7,12,SPATIAL_SHAPELY,0.99,False,Unpenalized Excursion / Sub-Threshold
VIO-AUT23-TSU-L4-Turn9,2023_Austrian_Grand_Prix_Race,TSU,4,Turn 9,62.12,62.88,0.76,218.7,2.77,213.84,307.7,7,SPATIAL_SHAPELY,0.92,False,Unpenalized Excursion / Sub-Threshold
VIO-AUT23-TSU-L4-Turn10,2023_Austrian_Grand_Prix_Race,TSU,4,Turn 10,66.84,68.74,1.9,164.5,6.11,273.96,79.58,17,SPATIAL_SHAPELY,0.99,False,Unpenalized Excursion / Sub-Threshold
VIO-AUT23-TSU-L5-Turn1,2023_Austrian_Grand_Prix_Race,TSU,5,Turn 1,2.58,5.25,2.68,251.0,1.4,-359.41,-104.44,20,SPATIAL_SHAPELY,0.81,True,TRACK LIMITS AT TURN 10 LAP 5 
VIO-AUT23-TSU-L5-Turn3,2023_Austrian_Grand_Prix_Race,TSU,5,Turn 3,19.27,20.64,1.36,133.4,5.21,-944.92,620.08,10,SPATIAL_SHAPELY,0.99,True,TRACK LIMITS AT TURN 10 LAP 5 
VIO-AUT23-TSU-L5-Turn4,2023_Austrian_Grand_Prix_Race,TSU,5,Turn 4,37.35,40.54,3.19,130.1,5.52,-172.95,518.85,26,SPATIAL_SHAPELY,0.99,True,TRACK LIMITS AT TURN 10 LAP 5 
VIO-AUT23-TSU-L5-Turn6,2023_Austrian_Grand_Prix_Race,TSU,5,Turn 6,45.45,46.72,1.26,176.4,1.41,-568.5,461.94,11,SPATIAL_SHAPELY,0.81,True,TRACK LIMITS AT TURN 10 LAP 5 
VIO-AUT23-TSU-L5-Turn7,2023_Austrian_Grand_Prix_Race,TSU,5,Turn 7,54.07,55.62,1.54,214.0,6.66,-365.19,253.42,11,SPATIAL_SHAPELY,0.99,True,TRACK LIMITS AT TURN 10 LAP 5 
VIO-AUT23-TSU-L5-Turn9,2023_Austrian_Grand_Prix_Race,TSU,5,Turn 9,62.55,63.15,0.6,209.0,2.48,227.95,300.54,6,SPATIAL_SHAPELY,0.9,True,TRACK LIMITS AT TURN 10 LAP 5 
VIO-AUT23-TSU-L5-Turn10,2023_Austrian_Grand_Prix_Race,TSU,5,Turn 10,69.47,72.52,3.05,268.6,2.54,2.97,-6.68,25,SPATIAL_SHAPELY,0.9,True,TRACK LIMITS AT TURN 10 LAP 5 
VIO-AUT23-TSU-L6-Turn1,2023_Austrian_Grand_Prix_Race,TSU,6,Turn 1,2.58,5.06,2.48,206.0,1.39,-376.48,-109.0,23,SPATIAL_SHAPELY,0.81,True,TRACK LIMITS AT TURN 9 LAP 6 
VIO-AUT23-TSU-L6-Turn3,2023_Austrian_Grand_Prix_Race,TSU,6,Turn 3,19.03,20.2,1.16,134.0,5.16,-947.53,622.77,9,SPATIAL_SHAPELY,0.99,True,TRACK LIMITS AT TURN 9 LAP 6 
VIO-AUT23-TSU-L6-Turn4,2023_Austrian_Grand_Prix_Race,TSU,6,Turn 4,36.71,40.15,3.44,130.0,5.6,-173.46,518.04,30,SPATIAL_SHAPELY,0.99,True,TRACK LIMITS AT TURN 9 LAP 6 
VIO-AUT23-TSU-L6-Turn6,2023_Austrian_Grand_Prix_Race,TSU,6,Turn 6,44.78,46.12,1.34,171.4,1.49,-566.29,462.94,11,SPATIAL_SHAPELY,0.82,True,TRACK LIMITS AT TURN 9 LAP 6 
VIO-AUT23-TSU-L6-Turn7,2023_Austrian_Grand_Prix_Race,TSU,6,Turn 7,53.54,55.16,1.62,217.4,6.58,-361.56,256.78,12,SPATIAL_SHAPELY,0.99,True,TRACK LIMITS AT TURN 9 LAP 6 
VIO-AUT23-TSU-L6-Turn9,2023_Austrian_Grand_Prix_Race,TSU,6,Turn 9,61.86,62.74,0.88,216.0,2.72,224.61,302.42,8,SPATIAL_SHAPELY,0.92,True,TRACK LIMITS AT TURN 9 LAP 6 
VIO-AUT23-TSU-L6-Turn10,2023_Austrian_Grand_Prix_Race,TSU,6,Turn 10,68.91,71.94,3.03,278.1,1.18,4.38,-6.28,24,SPATIAL_SHAPELY,0.79,True,TRACK LIMITS AT TURN 9 LAP 6 
VIO-AUT23-TSU-L7-Turn1,2023_Austrian_Grand_Prix_Race,TSU,7,Turn 1,2.45,4.93,2.48,292.2,1.37,-335.18,-97.93,21,SPATIAL_SHAPELY,0.81,False,Unpenalized Excursion / Sub-Threshold
VIO-AUT23-TSU-L7-Turn3,2023_Austrian_Grand_Prix_Race,TSU,7,Turn 3,18.73,20.17,1.44,136.0,5.26,-941.88,616.99,12,SPATIAL_SHAPELY,0.99,False,Unpenalized Excursion / Sub-Threshold
VIO-AUT23-TSU-L7-Turn4,2023_Austrian_Grand_Prix_Race,TSU,7,Turn 4,36.45,39.76,3.3,126.0,5.57,-171.13,521.18,27,SPATIAL_SHAPELY,0.99,False,Unpenalized Excursion / Sub-Threshold
VIO-AUT23-TSU-L7-Turn6,2023_Austrian_Grand_Prix_Race,TSU,7,Turn 6,44.53,45.62,1.08,184.0,1.62,-559.21,465.75,9,SPATIAL_SHAPELY,0.83,False,Unpenalized Excursion / Sub-Threshold
VIO-AUT23-TSU-L7-Turn7,2023_Austrian_Grand_Prix_Race,TSU,7,Turn 7,53.18,54.84,1.66,212.6,6.72,-368.71,250.19,14,SPATIAL_SHAPELY,0.99,False,Unpenalized Excursion / Sub-Threshold
VIO-AUT23-TSU-L7-Turn9,2023_Austrian_Grand_Prix_Race,TSU,7,Turn 9,61.72,62.37,0.66,218.0,2.81,219.44,305.08,6,SPATIAL_SHAPELY,0.93,False,Unpenalized Excursion / Sub-Threshold
VIO-AUT23-TSU-L8-Turn1,2023_Austrian_Grand_Prix_Race,TSU,8,Turn 1,2.43,5.02,2.58,262.0,1.48,-343.94,-100.39,23,SPATIAL_SHAPELY,0.82,True,TRACK LIMITS AT TURN 9 LAP 8 
VIO-AUT23-TSU-L8-Turn3,2023_Austrian_Grand_Prix_Race,TSU,8,Turn 3,18.99,20.16,1.16,130.9,5.21,-945.12,620.28,11,SPATIAL_SHAPELY,0.99,True,TRACK LIMITS AT TURN 9 LAP 8 
VIO-AUT23-TSU-L8-Turn4,2023_Austrian_Grand_Prix_Race,TSU,8,Turn 4,36.43,39.71,3.28,131.4,5.5,-172.45,519.55,29,SPATIAL_SHAPELY,0.99,True,TRACK LIMITS AT TURN 9 LAP 8 
VIO-AUT23-TSU-L8-Turn6,2023_Austrian_Grand_Prix_Race,TSU,8,Turn 6,44.3,45.18,0.88,189.0,1.55,-564.36,463.8,9,SPATIAL_SHAPELY,0.82,True,TRACK LIMITS AT TURN 9 LAP 8 
VIO-AUT23-TSU-L8-Turn7,2023_Austrian_Grand_Prix_Race,TSU,8,Turn 7,52.95,54.56,1.6,209.2,6.76,-368.21,250.59,15,SPATIAL_SHAPELY,0.99,True,TRACK LIMITS AT TURN 9 LAP 8 
VIO-AUT23-TSU-L8-Turn9,2023_Austrian_Grand_Prix_Race,TSU,8,Turn 9,61.32,62.04,0.72,230.0,2.74,215.71,306.9,7,SPATIAL_SHAPELY,0.92,True,TRACK LIMITS AT TURN 9 LAP 8 
VIO-AUT23-TSU-L8-Turn10,2023_Austrian_Grand_Prix_Race,TSU,8,Turn 10,68.58,71.53,2.96,274.0,1.49,4.07,-6.42,22,SPATIAL_SHAPELY,0.82,True,TRACK LIMITS AT TURN 9 LAP 8 
VIO-AUT23-TSU-L9-Turn1,2023_Austrian_Grand_Prix_Race,TSU,9,Turn 1,2.54,4.98,2.44,235.8,1.42,-364.08,-105.72,18,SPATIAL_SHAPELY,0.81,True,TRACK LIMITS AT TURN 10 LAP 9 
VIO-AUT23-TSU-L9-Turn3,2023_Austrian_Grand_Prix_Race,TSU,9,Turn 3,19.14,20.54,1.4,129.2,5.21,-945.22,620.38,13,SPATIAL_SHAPELY,0.99,True,TRACK LIMITS AT TURN 10 LAP 9 
VIO-AUT23-TSU-L9-Turn4,2023_Austrian_Grand_Prix_Race,TSU,9,Turn 4,36.77,39.9,3.13,128.0,5.53,-171.55,520.68,25,SPATIAL_SHAPELY,0.99,True,TRACK LIMITS AT TURN 10 LAP 9 
VIO-AUT23-TSU-L9-Turn6,2023_Austrian_Grand_Prix_Race,TSU,9,Turn 6,44.68,45.88,1.2,184.1,1.64,-560.75,465.24,11,SPATIAL_SHAPELY,0.83,True,TRACK LIMITS AT TURN 10 LAP 9 
VIO-AUT23-TSU-L9-Turn7,2023_Austrian_Grand_Prix_Race,TSU,9,Turn 7,53.34,55.02,1.68,205.0,6.59,-358.64,259.38,14,SPATIAL_SHAPELY,0.99,True,TRACK LIMITS AT TURN 10 LAP 9 
VIO-AUT23-TSU-L9-Turn9,2023_Austrian_Grand_Prix_Race,TSU,9,Turn 9,61.9,62.55,0.64,218.0,3.04,220.95,304.09,6,SPATIAL_SHAPELY,0.94,True,TRACK LIMITS AT TURN 10 LAP 9 
VIO-AUT23-TSU-L10-Turn1,2023_Austrian_Grand_Prix_Race,TSU,10,Turn 1,2.46,4.74,2.28,243.3,1.4,-362.67,-105.32,18,SPATIAL_SHAPELY,0.81,True,TRACK LIMITS AT TURN 10 (NEXT LAP)
VIO-AUT23-TSU-L10-Turn3,2023_Austrian_Grand_Prix_Race,TSU,10,Turn 3,18.94,20.3,1.36,134.7,5.28,-944.52,619.58,13,SPATIAL_SHAPELY,0.99,True,TRACK LIMITS AT TURN 10 (NEXT LAP)
VIO-AUT23-TSU-L10-Turn4,2023_Austrian_Grand_Prix_Race,TSU,10,Turn 4,36.66,39.9,3.24,122.5,5.54,-169.13,523.94,26,SPATIAL_SHAPELY,0.99,True,TRACK LIMITS AT TURN 10 (NEXT LAP)
VIO-AUT23-TSU-L10-Turn6,2023_Austrian_Grand_Prix_Race,TSU,10,Turn 6,44.62,45.76,1.14,190.3,1.56,-559.14,465.84,11,SPATIAL_SHAPELY,0.82,True,TRACK LIMITS AT TURN 10 (NEXT LAP)
VIO-AUT23-TSU-L10-Turn7,2023_Austrian_Grand_Prix_Race,TSU,10,Turn 7,53.3,55.09,1.8,201.6,6.63,-372.04,247.2,14,SPATIAL_SHAPELY,0.99,True,TRACK LIMITS AT TURN 10 (NEXT LAP)
VIO-AUT23-TSU-L10-Turn9,2023_Austrian_Grand_Prix_Race,TSU,10,Turn 9,61.85,62.58,0.72,212.8,2.7,211.32,308.7,8,SPATIAL_SHAPELY,0.92,True,TRACK LIMITS AT TURN 10 (NEXT LAP)
VIO-AUT23-TSU-L11-Turn1,2023_Austrian_Grand_Prix_Race,TSU,11,Turn 1,2.65,4.84,2.2,259.5,1.39,-359.75,-104.52,17,SPATIAL_SHAPELY,0.81,False,Unpenalized Excursion / Sub-Threshold
VIO-AUT23-TSU-L11-Turn3,2023_Austrian_Grand_Prix_Race,TSU,11,Turn 3,19.21,20.61,1.4,133.0,5.58,-943.39,618.03,11,SPATIAL_SHAPELY,0.99,False,Unpenalized Excursion / Sub-Threshold
VIO-AUT23-TSU-L11-Turn4,2023_Austrian_Grand_Prix_Race,TSU,11,Turn 4,36.99,40.27,3.28,127.9,5.56,-169.83,522.94,27,SPATIAL_SHAPELY,0.99,False,Unpenalized Excursion / Sub-Threshold
VIO-AUT23-TSU-L11-Turn6,2023_Austrian_Grand_Prix_Race,TSU,11,Turn 6,44.99,46.21,1.22,180.0,1.6,-561.93,464.91,11,SPATIAL_SHAPELY,0.83,False,Unpenalized Excursion / Sub-Threshold
VIO-AUT23-TSU-L11-Turn7,2023_Austrian_Grand_Prix_Race,TSU,11,Turn 7,53.52,54.95,1.42,206.0,6.62,-371.65,247.58,14,SPATIAL_SHAPELY,0.99,False,Unpenalized Excursion / Sub-Threshold
VIO-AUT23-TSU-L11-Turn9,2023_Austrian_Grand_Prix_Race,TSU,11,Turn 9,62.12,63.0,0.88,210.0,2.77,221.19,304.27,6,SPATIAL_SHAPELY,0.92,False,Unpenalized Excursion / Sub-Threshold
VIO-AUT23-TSU-L11-Turn10,2023_Austrian_Grand_Prix_Race,TSU,11,Turn 10,69.04,72.05,3.01,270.0,1.76,3.78,-6.48,24,SPATIAL_SHAPELY,0.84,False,Unpenalized Excursion / Sub-Threshold
VIO-AUT23-TSU-L12-Turn1,2023_Austrian_Grand_Prix_Race,TSU,12,Turn 1,2.71,5.24,2.52,212.0,1.42,-375.42,-108.75,20,SPATIAL_SHAPELY,0.81,False,Unpenalized Excursion / Sub-Threshold
VIO-AUT23-TSU-L12-Turn3,2023_Austrian_Grand_Prix_Race,TSU,12,Turn 3,19.31,20.79,1.48,122.1,5.21,-944.72,619.88,12,SPATIAL_SHAPELY,0.99,False,Unpenalized Excursion / Sub-Threshold
VIO-AUT23-TSU-L12-Turn4,2023_Austrian_Grand_Prix_Race,TSU,12,Turn 4,37.27,40.21,2.94,128.5,5.53,-167.82,525.74,20,SPATIAL_SHAPELY,0.99,False,Unpenalized Excursion / Sub-Threshold
VIO-AUT23-TSU-L12-Turn6,2023_Austrian_Grand_Prix_Race,TSU,12,Turn 6,45.03,46.21,1.18,193.8,1.58,-562.76,464.54,8,SPATIAL_SHAPELY,0.83,False,Unpenalized Excursion / Sub-Threshold
VIO-AUT23-TSU-L12-Turn7,2023_Austrian_Grand_Prix_Race,TSU,12,Turn 7,53.39,55.17,1.78,212.0,6.77,-368.39,250.41,15,SPATIAL_SHAPELY,0.99,False,Unpenalized Excursion / Sub-Threshold
VIO-AUT23-TSU-L12-Turn9,2023_Austrian_Grand_Prix_Race,TSU,12,Turn 9,61.95,62.83,0.88,219.1,2.72,217.97,305.9,7,SPATIAL_SHAPELY,0.92,False,Unpenalized Excursion / Sub-Threshold
VIO-AUT23-TSU-L12-Turn10,2023_Austrian_Grand_Prix_Race,TSU,12,Turn 10,68.97,71.93,2.95,269.5,1.35,1.66,-6.98,25,SPATIAL_SHAPELY,0.81,False,Unpenalized Excursion / Sub-Threshold
VIO-AUT23-TSU-L13-Turn1,2023_Austrian_Grand_Prix_Race,TSU,13,Turn 1,2.62,5.22,2.6,202.0,1.41,-370.52,-107.42,23,SPATIAL_SHAPELY,0.81,False,Unpenalized Excursion / Sub-Threshold
VIO-AUT23-TSU-L13-Turn3,2023_Austrian_Grand_Prix_Race,TSU,13,Turn 3,19.22,20.94,1.72,121.1,5.28,-943.81,618.88,15,SPATIAL_SHAPELY,0.99,False,Unpenalized Excursion / Sub-Threshold
VIO-AUT23-TSU-L13-Turn4,2023_Austrian_Grand_Prix_Race,TSU,13,Turn 4,37.42,40.15,2.72,133.5,5.55,-168.52,524.74,24,SPATIAL_SHAPELY,0.99,False,Unpenalized Excursion / Sub-Threshold
VIO-AUT23-TSU-L13-Turn6,2023_Austrian_Grand_Prix_Race,TSU,13,Turn 6,44.95,46.06,1.12,181.6,1.46,-564.27,463.94,10,SPATIAL_SHAPELY,0.82,False,Unpenalized Excursion / Sub-Threshold
VIO-AUT23-TSU-L13-Turn7,2023_Austrian_Grand_Prix_Race,TSU,13,Turn 7,53.45,55.26,1.82,209.0,6.69,-367.42,251.4,15,SPATIAL_SHAPELY,0.99,False,Unpenalized Excursion / Sub-Threshold
VIO-AUT23-TSU-L13-Turn9,2023_Austrian_Grand_Prix_Race,TSU,13,Turn 9,62.09,62.86,0.78,213.0,2.8,222.93,303.28,8,SPATIAL_SHAPELY,0.92,False,Unpenalized Excursion / Sub-Threshold
VIO-AUT23-TSU-L13-Turn10,2023_Austrian_Grand_Prix_Race,TSU,13,Turn 10,68.94,71.96,3.02,269.3,2.23,2.57,-6.78,25,SPATIAL_SHAPELY,0.88,False,Unpenalized Excursion / Sub-Threshold
VIO-AUT23-TSU-L14-Turn1,2023_Austrian_Grand_Prix_Race,TSU,14,Turn 1,2.54,5.27,2.72,198.0,1.39,-375.37,-108.7,25,SPATIAL_SHAPELY,0.81,False,Unpenalized Excursion / Sub-Threshold
VIO-AUT23-TSU-L14-Turn3,2023_Austrian_Grand_Prix_Race,TSU,14,Turn 3,19.57,21.11,1.54,114.0,5.28,-942.32,617.39,14,SPATIAL_SHAPELY,0.99,False,Unpenalized Excursion / Sub-Threshold
VIO-AUT23-TSU-L14-Turn4,2023_Austrian_Grand_Prix_Race,TSU,14,Turn 4,37.79,40.59,2.8,136.9,5.58,-172.65,519.15,23,SPATIAL_SHAPELY,0.99,False,Unpenalized Excursion / Sub-Threshold
VIO-AUT23-TSU-L14-Turn6,2023_Austrian_Grand_Prix_Race,TSU,14,Turn 6,49.23,51.35,2.12,121.0,1.79,-561.86,464.74,17,SPATIAL_SHAPELY,0.84,False,Unpenalized Excursion / Sub-Threshold
VIO-AUT23-TSU-L14-Turn7,2023_Austrian_Grand_Prix_Race,TSU,14,Turn 7,60.91,62.83,1.92,179.0,6.7,-368.48,250.43,14,SPATIAL_SHAPELY,0.99,False,Unpenalized Excursion / Sub-Threshold
VIO-AUT23-TSU-L14-Turn9,2023_Austrian_Grand_Prix_Race,TSU,14,Turn 9,71.03,72.05,1.02,188.0,2.97,217.82,305.69,9,SPATIAL_SHAPELY,0.94,False,Unpenalized Excursion / Sub-Threshold
VIO-AUT23-TSU-L14-Turn10,2023_Austrian_Grand_Prix_Race,TSU,14,Turn 10,79.15,82.94,3.79,203.5,2.54,2.97,-6.68,32,SPATIAL_SHAPELY,0.9,False,Unpenalized Excursion / Sub-Threshold
VIO-AUT23-TSU-L15-Turn1,2023_Austrian_Grand_Prix_Race,TSU,15,Turn 1,3.29,6.69,3.4,180.0,1.43,-366.21,-106.29,27,SPATIAL_SHAPELY,0.81,False,Unpenalized Excursion / Sub-Threshold
VIO-AUT23-TSU-L15-Turn3,2023_Austrian_Grand_Prix_Race,TSU,15,Turn 3,27.09,29.49,2.4,82.0,5.21,-943.86,619.03,20,SPATIAL_SHAPELY,0.99,False,Unpenalized Excursion / Sub-Threshold
VIO-AUT23-TSU-L15-Turn4,2023_Austrian_Grand_Prix_Race,TSU,15,Turn 4,50.53,54.09,3.56,113.0,5.52,-167.58,526.09,25,SPATIAL_SHAPELY,0.99,False,Unpenalized Excursion / Sub-Threshold
VIO-AUT23-TSU-L15-Turn6,2023_Austrian_Grand_Prix_Race,TSU,15,Turn 6,60.79,62.47,1.68,147.0,1.67,-560.04,465.44,15,SPATIAL_SHAPELY,0.83,False,Unpenalized Excursion / Sub-Threshold
VIO-AUT23-TSU-L15-Turn7,2023_Austrian_Grand_Prix_Race,TSU,15,Turn 7,70.85,72.59,1.74,174.0,6.79,-369.13,249.73,15,SPATIAL_SHAPELY,0.99,False,Unpenalized Excursion / Sub-Threshold
VIO-AUT23-TSU-L15-Turn9,2023_Austrian_Grand_Prix_Race,TSU,15,Turn 9,81.13,82.09,0.96,155.1,2.9,217.56,305.9,9,SPATIAL_SHAPELY,0.93,False,Unpenalized Excursion / Sub-Threshold
VIO-AUT23-TSU-L15-Turn10,2023_Austrian_Grand_Prix_Race,TSU,15,Turn 10,89.97,93.82,3.86,206.0,1.49,4.07,-6.42,32,SPATIAL_SHAPELY,0.82,False,Unpenalized Excursion / Sub-Threshold
VIO-AUT23-TSU-L16-Turn1,2023_Austrian_Grand_Prix_Race,TSU,16,Turn 1,3.14,5.76,2.62,208.8,1.4,-364.18,-105.72,21,SPATIAL_SHAPELY,0.81,False,Unpenalized Excursion / Sub-Threshold
VIO-AUT23-TSU-L16-Turn3,2023_Austrian_Grand_Prix_Race,TSU,16,Turn 3,19.94,21.3,1.36,117.0,5.21,-944.74,619.91,14,SPATIAL_SHAPELY,0.99,False,Unpenalized Excursion / Sub-Threshold
VIO-AUT23-TSU-L16-Turn4,2023_Austrian_Grand_Prix_Race,TSU,16,Turn 4,37.92,41.19,3.26,127.0,5.6,-171.29,520.91,27,SPATIAL_SHAPELY,0.99,False,Unpenalized Excursion / Sub-Threshold
VIO-AUT23-TSU-L16-Turn6,2023_Austrian_Grand_Prix_Race,TSU,16,Turn 6,45.82,47.14,1.32,182.0,1.55,-560.0,465.57,9,SPATIAL_SHAPELY,0.82,False,Unpenalized Excursion / Sub-Threshold
VIO-AUT23-TSU-L16-Turn7,2023_Austrian_Grand_Prix_Race,TSU,16,Turn 7,54.66,56.02,1.36,208.8,6.78,-369.52,249.4,12,SPATIAL_SHAPELY,0.99,False,Unpenalized Excursion / Sub-Threshold
VIO-AUT23-TSU-L16-Turn9,2023_Austrian_Grand_Prix_Race,TSU,16,Turn 9,63.18,63.95,0.76,215.1,2.8,213.54,307.8,7,SPATIAL_SHAPELY,0.92,False,Unpenalized Excursion / Sub-Threshold
VIO-AUT23-TSU-L16-Turn10,2023_Austrian_Grand_Prix_Race,TSU,16,Turn 10,70.2,73.17,2.96,266.5,1.45,1.76,-6.98,26,SPATIAL_SHAPELY,0.82,False,Unpenalized Excursion / Sub-Threshold
VIO-AUT23-TSU-L17-Turn1,2023_Austrian_Grand_Prix_Race,TSU,17,Turn 1,2.62,5.32,2.7,251.2,1.37,-350.49,-102.02,22,SPATIAL_SHAPELY,0.81,False,Unpenalized Excursion / Sub-Threshold
VIO-AUT23-TSU-L17-Turn3,2023_Austrian_Grand_Prix_Race,TSU,17,Turn 3,19.26,20.93,1.68,129.9,5.21,-944.22,619.38,13,SPATIAL_SHAPELY,0.99,False,Unpenalized Excursion / Sub-Threshold
VIO-AUT23-TSU-L17-Turn4,2023_Austrian_Grand_Prix_Race,TSU,17,Turn 4,37.25,40.38,3.12,135.0,5.69,-171.55,520.42,26,SPATIAL_SHAPELY,0.99,False,Unpenalized Excursion / Sub-Threshold
VIO-AUT23-TSU-L17-Turn6,2023_Austrian_Grand_Prix_Race,TSU,17,Turn 6,44.81,46.22,1.4,188.0,1.73,-558.13,465.97,14,SPATIAL_SHAPELY,0.84,False,Unpenalized Excursion / Sub-Threshold
VIO-AUT23-TSU-L17-Turn7,2023_Austrian_Grand_Prix_Race,TSU,17,Turn 7,53.45,55.18,1.72,212.9,6.74,-370.33,248.7,13,SPATIAL_SHAPELY,0.99,False,Unpenalized Excursion / Sub-Threshold
VIO-AUT23-TSU-L17-Turn9,2023_Austrian_Grand_Prix_Race,TSU,17,Turn 9,61.97,62.74,0.76,224.0,2.79,213.03,308.0,7,SPATIAL_SHAPELY,0.92,False,Unpenalized Excursion / Sub-Threshold
VIO-AUT23-TSU-L18-Turn1,2023_Austrian_Grand_Prix_Race,TSU,18,Turn 1,2.58,5.22,2.64,254.5,1.37,-359.05,-104.32,19,SPATIAL_SHAPELY,0.81,False,Unpenalized Excursion / Sub-Threshold
VIO-AUT23-TSU-L18-Turn3,2023_Austrian_Grand_Prix_Race,TSU,18,Turn 3,19.46,21.02,1.56,122.0,5.22,-944.37,619.52,13,SPATIAL_SHAPELY,0.99,False,Unpenalized Excursion / Sub-Threshold
VIO-AUT23-TSU-L18-Turn4,2023_Austrian_Grand_Prix_Race,TSU,18,Turn 4,37.4,40.32,2.92,119.8,5.49,-168.82,524.44,25,SPATIAL_SHAPELY,0.99,False,Unpenalized Excursion / Sub-Threshold
VIO-AUT23-TSU-L18-Turn6,2023_Austrian_Grand_Prix_Race,TSU,18,Turn 6,45.3,46.48,1.18,175.5,1.47,-564.48,463.84,9,SPATIAL_SHAPELY,0.82,False,Unpenalized Excursion / Sub-Threshold
VIO-AUT23-TSU-L18-Turn7,2023_Austrian_Grand_Prix_Race,TSU,18,Turn 7,53.9,55.7,1.8,212.4,6.66,-360.05,258.08,17,SPATIAL_SHAPELY,0.99,False,Unpenalized Excursion / Sub-Threshold
VIO-AUT23-TSU-L18-Turn9,2023_Austrian_Grand_Prix_Race,TSU,18,Turn 9,62.46,63.1,0.64,225.0,2.95,207.61,309.62,5,SPATIAL_SHAPELY,0.94,False,Unpenalized Excursion / Sub-Threshold
VIO-AUT23-TSU-L19-Turn1,2023_Austrian_Grand_Prix_Race,TSU,19,Turn 1,2.67,4.93,2.26,256.0,1.4,-360.11,-104.63,18,SPATIAL_SHAPELY,0.81,False,Unpenalized Excursion / Sub-Threshold
VIO-AUT23-TSU-L19-Turn3,2023_Austrian_Grand_Prix_Race,TSU,19,Turn 3,19.27,20.79,1.52,124.5,5.2,-943.11,618.28,14,SPATIAL_SHAPELY,0.99,False,Unpenalized Excursion / Sub-Threshold
VIO-AUT23-TSU-L19-Turn4,2023_Austrian_Grand_Prix_Race,TSU,19,Turn 4,37.31,40.19,2.88,126.0,5.56,-166.68,527.24,23,SPATIAL_SHAPELY,0.99,False,Unpenalized Excursion / Sub-Threshold
VIO-AUT23-TSU-L19-Turn6,2023_Austrian_Grand_Prix_Race,TSU,19,Turn 6,44.95,46.27,1.32,187.0,1.58,-562.95,464.45,12,SPATIAL_SHAPELY,0.83,False,Unpenalized Excursion / Sub-Threshold
VIO-AUT23-TSU-L19-Turn7,2023_Austrian_Grand_Prix_Race,TSU,19,Turn 7,53.51,55.21,1.7,215.9,6.76,-368.21,250.59,13,SPATIAL_SHAPELY,0.99,False,Unpenalized Excursion / Sub-Threshold
VIO-AUT23-TSU-L19-Turn9,2023_Austrian_Grand_Prix_Race,TSU,19,Turn 9,61.99,62.85,0.86,231.0,2.98,204.89,310.33,6,SPATIAL_SHAPELY,0.94,False,Unpenalized Excursion / Sub-Threshold
VIO-AUT23-TSU-L20-Turn1,2023_Austrian_Grand_Prix_Race,TSU,20,Turn 1,2.75,5.19,2.44,238.0,1.35,-359.22,-104.34,22,SPATIAL_SHAPELY,0.81,False,Unpenalized Excursion / Sub-Threshold
VIO-AUT23-TSU-L20-Turn3,2023_Austrian_Grand_Prix_Race,TSU,20,Turn 3,19.75,21.25,1.5,116.6,5.2,-942.5,617.69,9,SPATIAL_SHAPELY,0.99,False,Unpenalized Excursion / Sub-Threshold
VIO-AUT23-TSU-L20-Turn4,2023_Austrian_Grand_Prix_Race,TSU,20,Turn 4,37.91,41.03,3.12,129.0,5.53,-171.01,521.41,22,SPATIAL_SHAPELY,0.99,False,Unpenalized Excursion / Sub-Threshold
VIO-AUT23-TSU-L20-Turn6,2023_Austrian_Grand_Prix_Race,TSU,20,Turn 6,45.81,47.09,1.28,177.0,1.56,-562.82,464.53,13,SPATIAL_SHAPELY,0.82,False,Unpenalized Excursion / Sub-Threshold
VIO-AUT23-TSU-L20-Turn7,2023_Austrian_Grand_Prix_Race,TSU,20,Turn 7,54.47,56.11,1.64,212.3,6.74,-368.92,249.99,17,SPATIAL_SHAPELY,0.99,False,Unpenalized Excursion / Sub-Threshold
VIO-AUT23-TSU-L20-Turn9,2023_Austrian_Grand_Prix_Race,TSU,20,Turn 9,63.01,63.63,0.62,215.0,2.68,217.26,306.28,7,SPATIAL_SHAPELY,0.91,False,Unpenalized Excursion / Sub-Threshold
VIO-AUT23-TSU-L21-Turn1,2023_Austrian_Grand_Prix_Race,TSU,21,Turn 1,2.53,5.21,2.68,227.0,1.41,-358.84,-104.3,22,SPATIAL_SHAPELY,0.81,False,Unpenalized Excursion / Sub-Threshold
VIO-AUT23-TSU-L21-Turn3,2023_Austrian_Grand_Prix_Race,TSU,21,Turn 3,19.47,20.63,1.16,116.0,5.09,-948.22,623.55,11,SPATIAL_SHAPELY,0.99,False,Unpenalized Excursion / Sub-Threshold
VIO-AUT23-TSU-L21-Turn4,2023_Austrian_Grand_Prix_Race,TSU,21,Turn 4,38.19,41.21,3.02,140.2,5.54,-171.04,521.35,23,SPATIAL_SHAPELY,0.99,False,Unpenalized Excursion / Sub-Threshold
VIO-AUT23-TSU-L21-Turn6,2023_Austrian_Grand_Prix_Race,TSU,21,Turn 6,46.11,47.33,1.22,176.0,1.79,-559.99,465.32,10,SPATIAL_SHAPELY,0.84,False,Unpenalized Excursion / Sub-Threshold
VIO-AUT23-TSU-L21-Turn7,2023_Austrian_Grand_Prix_Race,TSU,21,Turn 7,54.83,56.65,1.82,209.0,6.78,-369.88,249.07,16,SPATIAL_SHAPELY,0.99,False,Unpenalized Excursion / Sub-Threshold
VIO-AUT23-TSU-L21-Turn9,2023_Austrian_Grand_Prix_Race,TSU,21,Turn 9,63.31,64.03,0.72,218.0,2.84,213.93,307.58,6,SPATIAL_SHAPELY,0.93,False,Unpenalized Excursion / Sub-Threshold
VIO-AUT23-TSU-L22-Turn1,2023_Austrian_Grand_Prix_Race,TSU,22,Turn 1,2.52,5.26,2.74,227.3,1.36,-364.69,-105.82,23,SPATIAL_SHAPELY,0.81,True,TRACK LIMITS AT TURN 9 LAP 22 
VIO-AUT23-TSU-L22-Turn3,2023_Austrian_Grand_Prix_Race,TSU,22,Turn 3,19.16,20.71,1.56,131.0,5.2,-943.27,618.44,14,SPATIAL_SHAPELY,0.99,True,TRACK LIMITS AT TURN 9 LAP 22 
VIO-AUT23-TSU-L22-Turn4,2023_Austrian_Grand_Prix_Race,TSU,22,Turn 4,37.28,40.28,3.0,127.0,5.51,-167.69,525.95,22,SPATIAL_SHAPELY,0.99,True,TRACK LIMITS AT TURN 9 LAP 22 
VIO-AUT23-TSU-L22-Turn6,2023_Austrian_Grand_Prix_Race,TSU,22,Turn 6,45.32,46.0,0.68,169.0,1.94,-572.46,459.28,6,SPATIAL_SHAPELY,0.85,True,TRACK LIMITS AT TURN 9 LAP 22 
VIO-AUT23-TSU-L22-Turn7,2023_Austrian_Grand_Prix_Race,TSU,22,Turn 7,54.48,55.96,1.48,209.0,6.73,-370.02,249.0,12,SPATIAL_SHAPELY,0.99,True,TRACK LIMITS AT TURN 9 LAP 22 
VIO-AUT23-TSU-L22-Turn9,2023_Austrian_Grand_Prix_Race,TSU,22,Turn 9,63.0,63.6,0.6,206.8,2.71,223.61,303.01,6,SPATIAL_SHAPELY,0.92,True,TRACK LIMITS AT TURN 9 LAP 22 
VIO-AUT23-TSU-L22-Turn10,2023_Austrian_Grand_Prix_Race,TSU,22,Turn 10,69.92,72.89,2.97,277.3,2.32,3.17,-6.58,27,SPATIAL_SHAPELY,0.89,True,TRACK LIMITS AT TURN 9 LAP 22 
VIO-AUT23-TSU-L23-Turn1,2023_Austrian_Grand_Prix_Race,TSU,23,Turn 1,2.54,4.99,2.44,237.0,1.41,-366.5,-106.35,21,SPATIAL_SHAPELY,0.81,False,Unpenalized Excursion / Sub-Threshold
VIO-AUT23-TSU-L23-Turn3,2023_Austrian_Grand_Prix_Race,TSU,23,Turn 3,18.95,20.43,1.48,141.2,5.13,-940.99,616.29,14,SPATIAL_SHAPELY,0.99,False,Unpenalized Excursion / Sub-Threshold
VIO-AUT23-TSU-L23-Turn4,2023_Austrian_Grand_Prix_Race,TSU,23,Turn 4,36.67,39.87,3.2,129.0,5.52,-171.75,520.44,29,SPATIAL_SHAPELY,0.99,False,Unpenalized Excursion / Sub-Threshold
VIO-AUT23-TSU-L23-Turn6,2023_Austrian_Grand_Prix_Race,TSU,23,Turn 6,44.67,45.81,1.14,177.0,1.76,-573.99,458.64,10,SPATIAL_SHAPELY,0.84,False,Unpenalized Excursion / Sub-Threshold
VIO-AUT23-TSU-L23-Turn7,2023_Austrian_Grand_Prix_Race,TSU,23,Turn 7,53.67,55.29,1.62,201.0,6.75,-367.0,251.69,14,SPATIAL_SHAPELY,0.99,False,Unpenalized Excursion / Sub-Threshold
VIO-AUT23-TSU-L23-Turn9,2023_Austrian_Grand_Prix_Race,TSU,23,Turn 9,62.3,63.35,1.04,164.6,2.91,213.23,307.8,10,SPATIAL_SHAPELY,0.93,False,Unpenalized Excursion / Sub-Threshold
VIO-AUT23-TSU-L24-Turn1,2023_Austrian_Grand_Prix_Race,TSU,24,Turn 1,9.38,30.12,20.74,82.0,7.51,-429.23,-101.9,154,SPATIAL_SHAPELY,0.99,False,Unpenalized Excursion / Sub-Threshold
VIO-AUT23-TSU-L24-Turn3,2023_Austrian_Grand_Prix_Race,TSU,24,Turn 3,42.3,44.06,1.76,119.1,5.21,-945.63,620.78,15,SPATIAL_SHAPELY,0.99,False,Unpenalized Excursion / Sub-Threshold
VIO-AUT23-TSU-L24-Turn4,2023_Austrian_Grand_Prix_Race,TSU,24,Turn 4,60.2,63.22,3.02,158.0,5.48,-181.32,508.39,21,SPATIAL_SHAPELY,0.99,False,Unpenalized Excursion / Sub-Threshold
VIO-AUT23-TSU-L24-Turn6,2023_Austrian_Grand_Prix_Race,TSU,24,Turn 6,68.04,69.26,1.22,192.0,1.59,-560.33,465.42,13,SPATIAL_SHAPELY,0.83,False,Unpenalized Excursion / Sub-Threshold
VIO-AUT23-TSU-L24-Turn7,2023_Austrian_Grand_Prix_Race,TSU,24,Turn 7,76.0,77.62,1.62,226.3,6.68,-367.1,251.69,11,SPATIAL_SHAPELY,0.99,False,Unpenalized Excursion / Sub-Threshold
VIO-AUT23-TSU-L24-Turn9,2023_Austrian_Grand_Prix_Race,TSU,24,Turn 9,84.44,85.06,0.62,236.9,2.76,212.83,308.1,6,SPATIAL_SHAPELY,0.92,False,Unpenalized Excursion / Sub-Threshold
VIO-AUT23-TSU-L24-Turn10,2023_Austrian_Grand_Prix_Race,TSU,24,Turn 10,88.96,90.72,1.76,182.0,6.17,269.29,76.15,15,SPATIAL_SHAPELY,0.99,False,Unpenalized Excursion / Sub-Threshold
VIO-AUT23-TSU-L25-Turn1,2023_Austrian_Grand_Prix_Race,TSU,25,Turn 1,2.72,5.34,2.62,284.5,1.39,-342.93,-100.03,22,SPATIAL_SHAPELY,0.81,False,Unpenalized Excursion / Sub-Threshold
VIO-AUT23-TSU-L25-Turn3,2023_Austrian_Grand_Prix_Race,TSU,25,Turn 3,18.82,20.46,1.64,129.0,5.2,-943.31,618.48,13,SPATIAL_SHAPELY,0.99,False,Unpenalized Excursion / Sub-Threshold
VIO-AUT23-TSU-L25-Turn4,2023_Austrian_Grand_Prix_Race,TSU,25,Turn 4,36.3,39.34,3.04,147.3,5.54,-173.76,517.75,22,SPATIAL_SHAPELY,0.99,False,Unpenalized Excursion / Sub-Threshold
VIO-AUT23-TSU-L25-Turn6,2023_Austrian_Grand_Prix_Race,TSU,25,Turn 6,43.96,45.34,1.38,195.0,1.48,-567.07,462.57,12,SPATIAL_SHAPELY,0.82,False,Unpenalized Excursion / Sub-Threshold
VIO-AUT23-TSU-L25-Turn7,2023_Austrian_Grand_Prix_Race,TSU,25,Turn 7,52.26,53.88,1.62,224.0,6.67,-366.57,252.18,13,SPATIAL_SHAPELY,0.99,False,Unpenalized Excursion / Sub-Threshold
VIO-AUT23-TSU-L25-Turn9,2023_Austrian_Grand_Prix_Race,TSU,25,Turn 9,60.74,61.24,0.5,239.0,2.77,211.68,308.49,4,SPATIAL_SHAPELY,0.92,False,Unpenalized Excursion / Sub-Threshold
VIO-AUT23-TSU-L25-Turn10,2023_Austrian_Grand_Prix_Race,TSU,25,Turn 10,64.9,66.7,1.8,179.0,6.2,272.89,78.71,16,SPATIAL_SHAPELY,0.99,False,Unpenalized Excursion / Sub-Threshold
VIO-AUT23-SAI-L1-Turn1,2023_Austrian_Grand_Prix_Race,SAI,1,Turn 1,6.46,8.04,1.58,207.1,1.41,-357.03,-103.82,14,SPATIAL_SHAPELY,0.81,False,Unpenalized Excursion / Sub-Threshold
VIO-AUT23-SAI-L1-Turn4,2023_Austrian_Grand_Prix_Race,SAI,1,Turn 4,40.78,43.72,2.94,136.0,5.66,-168.14,525.08,21,SPATIAL_SHAPELY,0.99,False,Unpenalized Excursion / Sub-Threshold
VIO-AUT23-SAI-L1-Turn6,2023_Austrian_Grand_Prix_Race,SAI,1,Turn 6,51.54,53.46,1.92,203.4,4.35,-594.08,325.77,15,SPATIAL_SHAPELY,0.99,False,Unpenalized Excursion / Sub-Threshold
VIO-AUT23-SAI-L1-Turn7,2023_Austrian_Grand_Prix_Race,SAI,1,Turn 7,56.84,58.54,1.7,225.0,6.67,-360.48,257.67,15,SPATIAL_SHAPELY,0.99,False,Unpenalized Excursion / Sub-Threshold
VIO-AUT23-SAI-L1-Turn9,2023_Austrian_Grand_Prix_Race,SAI,1,Turn 9,65.68,66.0,0.31,228.9,2.56,225.92,301.81,4,SPATIAL_SHAPELY,0.91,False,Unpenalized Excursion / Sub-Threshold
VIO-AUT23-SAI-L2-Turn1,2023_Austrian_Grand_Prix_Race,SAI,2,Turn 1,5.22,10.26,5.05,137.3,1.45,-350.19,-102.02,39,SPATIAL_SHAPELY,0.82,False,Unpenalized Excursion / Sub-Threshold
VIO-AUT23-SAI-L2-Turn3,2023_Austrian_Grand_Prix_Race,SAI,2,Turn 3,32.98,35.82,2.84,78.0,5.22,-943.82,618.97,26,SPATIAL_SHAPELY,0.99,False,Unpenalized Excursion / Sub-Threshold
VIO-AUT23-SAI-L2-Turn4,2023_Austrian_Grand_Prix_Race,SAI,2,Turn 4,58.18,62.7,4.52,84.7,5.49,-170.44,522.24,33,SPATIAL_SHAPELY,0.99,False,Unpenalized Excursion / Sub-Threshold
VIO-AUT23-SAI-L2-Turn6,2023_Austrian_Grand_Prix_Race,SAI,2,Turn 6,68.58,70.44,1.86,145.2,1.6,-564.78,463.54,18,SPATIAL_SHAPELY,0.83,False,Unpenalized Excursion / Sub-Threshold
VIO-AUT23-SAI-L2-Turn7,2023_Austrian_Grand_Prix_Race,SAI,2,Turn 7,82.02,85.1,3.08,116.8,6.74,-367.91,250.89,23,SPATIAL_SHAPELY,0.99,False,Unpenalized Excursion / Sub-Threshold
VIO-AUT23-SAI-L2-Turn9,2023_Austrian_Grand_Prix_Race,SAI,2,Turn 9,95.82,97.3,1.48,110.8,2.92,217.06,306.1,13,SPATIAL_SHAPELY,0.93,False,Unpenalized Excursion / Sub-Threshold
VIO-AUT23-SAI-L2-Turn10,2023_Austrian_Grand_Prix_Race,SAI,2,Turn 10,104.18,107.38,3.19,106.0,5.92,275.01,80.48,27,SPATIAL_SHAPELY,0.99,False,Unpenalized Excursion / Sub-Threshold
VIO-AUT23-SAI-L3-Turn1,2023_Austrian_Grand_Prix_Race,SAI,3,Turn 1,9.22,21.79,12.56,51.0,7.67,-428.28,-102.26,97,SPATIAL_SHAPELY,0.99,False,Unpenalized Excursion / Sub-Threshold
VIO-AUT23-SAI-L3-Turn3,2023_Austrian_Grand_Prix_Race,SAI,3,Turn 3,39.66,42.46,2.8,68.0,5.21,-946.04,621.19,23,SPATIAL_SHAPELY,0.99,False,Unpenalized Excursion / Sub-Threshold
VIO-AUT23-SAI-L3-Turn4,2023_Austrian_Grand_Prix_Race,SAI,3,Turn 4,63.26,67.83,4.57,78.0,5.45,-171.22,521.26,33,SPATIAL_SHAPELY,0.99,False,Unpenalized Excursion / Sub-Threshold
VIO-AUT23-SAI-L3-Turn6,2023_Austrian_Grand_Prix_Race,SAI,3,Turn 6,73.65,75.75,2.1,105.0,1.74,-565.16,463.21,18,SPATIAL_SHAPELY,0.84,False,Unpenalized Excursion / Sub-Threshold
VIO-AUT23-SAI-L3-Turn7,2023_Austrian_Grand_Prix_Race,SAI,3,Turn 7,95.27,101.15,5.89,64.0,6.66,-365.54,253.11,42,SPATIAL_SHAPELY,0.99,False,Unpenalized Excursion / Sub-Threshold
VIO-AUT23-SAI-L3-Turn9,2023_Austrian_Grand_Prix_Race,SAI,3,Turn 9,112.83,113.69,0.86,208.0,2.85,218.85,305.33,8,SPATIAL_SHAPELY,0.93,False,Unpenalized Excursion / Sub-Threshold
VIO-AUT23-SAI-L3-Turn10,2023_Austrian_Grand_Prix_Race,SAI,3,Turn 10,117.5,119.27,1.76,177.7,6.19,271.04,77.38,15,SPATIAL_SHAPELY,0.99,False,Unpenalized Excursion / Sub-Threshold
VIO-AUT23-SAI-L4-Turn1,2023_Austrian_Grand_Prix_Race,SAI,4,Turn 1,2.69,5.13,2.44,223.2,1.43,-371.13,-107.61,21,SPATIAL_SHAPELY,0.81,False,Unpenalized Excursion / Sub-Threshold
VIO-AUT23-SAI-L4-Turn3,2023_Austrian_Grand_Prix_Race,SAI,4,Turn 3,18.92,20.64,1.72,124.0,5.21,-944.92,620.08,16,SPATIAL_SHAPELY,0.99,False,Unpenalized Excursion / Sub-Threshold
VIO-AUT23-SAI-L4-Turn4,2023_Austrian_Grand_Prix_Race,SAI,4,Turn 4,36.89,39.84,2.96,135.0,5.67,-168.72,524.26,25,SPATIAL_SHAPELY,0.99,False,Unpenalized Excursion / Sub-Threshold
VIO-AUT23-SAI-L4-Turn6,2023_Austrian_Grand_Prix_Race,SAI,4,Turn 6,44.36,45.57,1.2,190.9,1.5,-557.73,466.34,11,SPATIAL_SHAPELY,0.82,False,Unpenalized Excursion / Sub-Threshold
VIO-AUT23-SAI-L4-Turn7,2023_Austrian_Grand_Prix_Race,SAI,4,Turn 7,52.64,54.24,1.6,216.0,6.71,-370.29,248.77,13,SPATIAL_SHAPELY,0.99,False,Unpenalized Excursion / Sub-Threshold
VIO-AUT23-SAI-L4-Turn9,2023_Austrian_Grand_Prix_Race,SAI,4,Turn 9,60.85,61.67,0.82,229.0,2.63,222.93,303.47,6,SPATIAL_SHAPELY,0.91,False,Unpenalized Excursion / Sub-Threshold
VIO-AUT23-SAI-L4-Turn10,2023_Austrian_Grand_Prix_Race,SAI,4,Turn 10,65.24,66.91,1.67,185.0,5.59,263.91,73.17,12,SPATIAL_SHAPELY,0.99,False,Unpenalized Excursion / Sub-Threshold
VIO-AUT23-SAI-L5-Turn1,2023_Austrian_Grand_Prix_Race,SAI,5,Turn 1,2.51,5.07,2.56,246.4,1.42,-352.9,-102.72,22,SPATIAL_SHAPELY,0.81,True,TRACK LIMITS AT TURN 10 LAP 5 
VIO-AUT23-SAI-L5-Turn3,2023_Austrian_Grand_Prix_Race,SAI,5,Turn 3,19.17,20.31,1.14,113.6,5.21,-946.43,621.58,12,SPATIAL_SHAPELY,0.99,True,TRACK LIMITS AT TURN 10 LAP 5 
VIO-AUT23-SAI-L5-Turn4,2023_Austrian_Grand_Prix_Race,SAI,5,Turn 4,36.79,39.6,2.82,152.0,5.59,-172.8,518.92,22,SPATIAL_SHAPELY,0.99,True,TRACK LIMITS AT TURN 10 LAP 5 
VIO-AUT23-SAI-L5-Turn6,2023_Austrian_Grand_Prix_Race,SAI,5,Turn 6,44.32,45.27,0.94,188.0,1.49,-558.87,465.99,9,SPATIAL_SHAPELY,0.82,True,TRACK LIMITS AT TURN 10 LAP 5 
VIO-AUT23-SAI-L5-Turn7,2023_Austrian_Grand_Prix_Race,SAI,5,Turn 7,52.59,54.27,1.68,228.7,6.63,-363.68,254.79,13,SPATIAL_SHAPELY,0.99,True,TRACK LIMITS AT TURN 10 LAP 5 
VIO-AUT23-SAI-L5-Turn9,2023_Austrian_Grand_Prix_Race,SAI,5,Turn 9,60.84,61.64,0.8,227.2,2.67,215.65,307.0,6,SPATIAL_SHAPELY,0.91,True,TRACK LIMITS AT TURN 10 LAP 5 
VIO-AUT23-SAI-L6-Turn1,2023_Austrian_Grand_Prix_Race,SAI,6,Turn 1,2.55,5.28,2.73,215.0,1.39,-370.66,-107.44,23,SPATIAL_SHAPELY,0.81,True,TRACK LIMITS AT TURN 10 (NEXT LAP)
VIO-AUT23-SAI-L6-Turn3,2023_Austrian_Grand_Prix_Race,SAI,6,Turn 3,18.82,20.54,1.72,115.0,5.21,-944.0,619.16,13,SPATIAL_SHAPELY,0.99,True,TRACK LIMITS AT TURN 10 (NEXT LAP)
VIO-AUT23-SAI-L6-Turn4,2023_Austrian_Grand_Prix_Race,SAI,6,Turn 4,36.62,39.52,2.9,145.2,5.58,-171.44,520.75,23,SPATIAL_SHAPELY,0.99,True,TRACK LIMITS AT TURN 10 (NEXT LAP)
VIO-AUT23-SAI-L6-Turn6,2023_Austrian_Grand_Prix_Race,SAI,6,Turn 6,44.31,45.6,1.28,174.9,1.41,-568.71,461.84,10,SPATIAL_SHAPELY,0.81,True,TRACK LIMITS AT TURN 10 (NEXT LAP)
VIO-AUT23-SAI-L6-Turn7,2023_Austrian_Grand_Prix_Race,SAI,6,Turn 7,52.59,54.12,1.52,224.6,6.73,-370.12,248.9,11,SPATIAL_SHAPELY,0.99,True,TRACK LIMITS AT TURN 10 (NEXT LAP)
VIO-AUT23-SAI-L6-Turn9,2023_Austrian_Grand_Prix_Race,SAI,6,Turn 9,60.88,61.52,0.64,229.7,2.67,211.12,308.8,7,SPATIAL_SHAPELY,0.91,True,TRACK LIMITS AT TURN 10 (NEXT LAP)
VIO-AUT23-SAI-L7-Turn1,2023_Austrian_Grand_Prix_Race,SAI,7,Turn 1,2.7,5.0,2.3,233.0,1.41,-363.76,-105.62,19,SPATIAL_SHAPELY,0.81,False,Unpenalized Excursion / Sub-Threshold
VIO-AUT23-SAI-L7-Turn3,2023_Austrian_Grand_Prix_Race,SAI,7,Turn 3,18.75,20.5,1.75,115.0,5.27,-941.48,616.58,13,SPATIAL_SHAPELY,0.99,False,Unpenalized Excursion / Sub-Threshold
VIO-AUT23-SAI-L7-Turn4,2023_Austrian_Grand_Prix_Race,SAI,7,Turn 4,36.68,39.68,3.0,138.0,5.57,-170.24,522.37,26,SPATIAL_SHAPELY,0.99,False,Unpenalized Excursion / Sub-Threshold
VIO-AUT23-SAI-L7-Turn6,2023_Austrian_Grand_Prix_Race,SAI,7,Turn 6,44.22,45.5,1.28,176.1,1.46,-574.24,458.85,12,SPATIAL_SHAPELY,0.82,False,Unpenalized Excursion / Sub-Threshold
VIO-AUT23-SAI-L7-Turn7,2023_Austrian_Grand_Prix_Race,SAI,7,Turn 7,52.66,54.2,1.53,224.0,6.72,-365.81,252.78,13,SPATIAL_SHAPELY,0.99,False,Unpenalized Excursion / Sub-Threshold
VIO-AUT23-SAI-L7-Turn9,2023_Austrian_Grand_Prix_Race,SAI,7,Turn 9,60.8,61.6,0.8,232.2,2.69,214.04,307.7,7,SPATIAL_SHAPELY,0.91,False,Unpenalized Excursion / Sub-Threshold
VIO-AUT23-SAI-L7-Turn10,2023_Austrian_Grand_Prix_Race,SAI,7,Turn 10,67.8,70.36,2.56,280.5,1.28,1.56,-7.08,21,SPATIAL_SHAPELY,0.8,False,Unpenalized Excursion / Sub-Threshold
VIO-AUT23-SAI-L8-Turn1,2023_Austrian_Grand_Prix_Race,SAI,8,Turn 1,2.4,4.96,2.56,283.0,1.4,-351.59,-102.35,20,SPATIAL_SHAPELY,0.81,True,TRACK LIMITS AT TURN 10 LAP 8 
VIO-AUT23-SAI-L8-Turn3,2023_Austrian_Grand_Prix_Race,SAI,8,Turn 3,18.64,20.26,1.62,134.0,5.32,-945.22,620.22,13,SPATIAL_SHAPELY,0.99,True,TRACK LIMITS AT TURN 10 LAP 8 
VIO-AUT23-SAI-L8-Turn4,2023_Austrian_Grand_Prix_Race,SAI,8,Turn 4,36.6,39.5,2.9,140.0,5.61,-169.4,523.45,22,SPATIAL_SHAPELY,0.99,True,TRACK LIMITS AT TURN 10 LAP 8 
VIO-AUT23-SAI-L8-Turn6,2023_Austrian_Grand_Prix_Race,SAI,8,Turn 6,44.32,45.6,1.28,185.6,1.52,-558.94,465.94,12,SPATIAL_SHAPELY,0.82,True,TRACK LIMITS AT TURN 10 LAP 8 
VIO-AUT23-SAI-L8-Turn7,2023_Austrian_Grand_Prix_Race,SAI,8,Turn 7,52.56,54.2,1.64,219.0,6.6,-364.98,253.68,15,SPATIAL_SHAPELY,0.99,True,TRACK LIMITS AT TURN 10 LAP 8 
VIO-AUT23-SAI-L8-Turn9,2023_Austrian_Grand_Prix_Race,SAI,8,Turn 9,60.84,61.7,0.86,239.0,2.65,210.62,309.0,8,SPATIAL_SHAPELY,0.91,True,TRACK LIMITS AT TURN 10 LAP 8 
VIO-AUT23-SAI-L9-Turn1,2023_Austrian_Grand_Prix_Race,SAI,9,Turn 1,2.53,4.93,2.4,229.0,1.43,-370.32,-107.39,21,SPATIAL_SHAPELY,0.81,True,TRACK LIMITS AT TURN 10 (NEXT LAP)
VIO-AUT23-SAI-L9-Turn3,2023_Austrian_Grand_Prix_Race,SAI,9,Turn 3,18.93,20.37,1.44,121.0,5.22,-947.45,622.59,11,SPATIAL_SHAPELY,0.99,True,TRACK LIMITS AT TURN 10 (NEXT LAP)
VIO-AUT23-SAI-L9-Turn4,2023_Austrian_Grand_Prix_Race,SAI,9,Turn 4,36.59,39.45,2.86,156.0,5.7,-178.68,511.25,20,SPATIAL_SHAPELY,0.99,True,TRACK LIMITS AT TURN 10 (NEXT LAP)
VIO-AUT23-SAI-L9-Turn6,2023_Austrian_Grand_Prix_Race,SAI,9,Turn 6,44.17,45.49,1.32,186.0,1.61,-561.46,465.05,14,SPATIAL_SHAPELY,0.83,True,TRACK LIMITS AT TURN 10 (NEXT LAP)
VIO-AUT23-SAI-L9-Turn7,2023_Austrian_Grand_Prix_Race,SAI,9,Turn 7,52.43,53.93,1.5,216.6,6.65,-361.56,256.68,14,SPATIAL_SHAPELY,0.99,True,TRACK LIMITS AT TURN 10 (NEXT LAP)
VIO-AUT23-SAI-L9-Turn9,2023_Austrian_Grand_Prix_Race,SAI,9,Turn 9,60.73,61.51,0.78,229.0,3.03,217.08,305.97,6,SPATIAL_SHAPELY,0.94,True,TRACK LIMITS AT TURN 10 (NEXT LAP)
VIO-AUT23-SAI-L9-Turn10,2023_Austrian_Grand_Prix_Race,SAI,9,Turn 10,67.77,70.29,2.52,230.0,1.04,169.17,37.32,21,SPATIAL_SHAPELY,0.78,True,TRACK LIMITS AT TURN 10 (NEXT LAP)
VIO-AUT23-SAI-L10-Turn1,2023_Austrian_Grand_Prix_Race,SAI,10,Turn 1,2.42,4.98,2.56,213.0,1.36,-371.2,-107.55,22,SPATIAL_SHAPELY,0.81,True,TRACK LIMITS AT TURN 9 LAP 10 
VIO-AUT23-SAI-L10-Turn3,2023_Austrian_Grand_Prix_Race,SAI,10,Turn 3,18.74,20.48,1.74,112.8,5.21,-945.32,620.48,13,SPATIAL_SHAPELY,0.99,True,TRACK LIMITS AT TURN 9 LAP 10 
VIO-AUT23-SAI-L10-Turn4,2023_Austrian_Grand_Prix_Race,SAI,10,Turn 4,36.6,39.76,3.16,146.0,5.73,-176.02,514.54,25,SPATIAL_SHAPELY,0.99,True,TRACK LIMITS AT TURN 9 LAP 10 
VIO-AUT23-SAI-L10-Turn6,2023_Austrian_Grand_Prix_Race,SAI,10,Turn 6,44.42,45.5,1.08,185.4,1.62,-562.66,464.54,9,SPATIAL_SHAPELY,0.83,True,TRACK LIMITS AT TURN 9 LAP 10 
VIO-AUT23-SAI-L10-Turn7,2023_Austrian_Grand_Prix_Race,SAI,10,Turn 7,52.6,54.18,1.58,212.5,6.72,-369.82,249.2,12,SPATIAL_SHAPELY,0.99,True,TRACK LIMITS AT TURN 9 LAP 10 
VIO-AUT23-SAI-L10-Turn9,2023_Austrian_Grand_Prix_Race,SAI,10,Turn 9,60.96,61.6,0.64,241.0,2.58,205.67,310.53,5,SPATIAL_SHAPELY,0.91,True,TRACK LIMITS AT TURN 9 LAP 10 
VIO-AUT23-SAI-L11-Turn1,2023_Austrian_Grand_Prix_Race,SAI,11,Turn 1,2.43,5.05,2.62,222.0,1.43,-366.67,-106.42,24,SPATIAL_SHAPELY,0.81,True,TRACK LIMITS AT TURN 9 LAP 11 
VIO-AUT23-SAI-L11-Turn3,2023_Austrian_Grand_Prix_Race,SAI,11,Turn 3,18.69,20.35,1.66,114.0,5.23,-947.64,622.77,16,SPATIAL_SHAPELY,0.99,True,TRACK LIMITS AT TURN 9 LAP 11 
VIO-AUT23-SAI-L11-Turn4,2023_Austrian_Grand_Prix_Race,SAI,11,Turn 4,36.59,39.39,2.8,140.0,5.6,-169.84,522.86,20,SPATIAL_SHAPELY,0.99,True,TRACK LIMITS AT TURN 9 LAP 11 
VIO-AUT23-SAI-L11-Turn6,2023_Austrian_Grand_Prix_Race,SAI,11,Turn 6,44.07,45.23,1.16,184.0,1.38,-562.83,464.72,10,SPATIAL_SHAPELY,0.81,True,TRACK LIMITS AT TURN 9 LAP 11 
VIO-AUT23-SAI-L11-Turn7,2023_Austrian_Grand_Prix_Race,SAI,11,Turn 7,52.51,54.11,1.6,220.0,6.76,-369.12,249.77,15,SPATIAL_SHAPELY,0.99,True,TRACK LIMITS AT TURN 9 LAP 11 
VIO-AUT23-SAI-L11-Turn9,2023_Austrian_Grand_Prix_Race,SAI,11,Turn 9,60.97,61.49,0.52,221.0,2.59,228.09,300.32,5,SPATIAL_SHAPELY,0.91,True,TRACK LIMITS AT TURN 9 LAP 11 
VIO-AUT23-SAI-L11-Turn10,2023_Austrian_Grand_Prix_Race,SAI,11,Turn 10,65.21,67.15,1.94,175.0,6.1,270.12,76.82,16,SPATIAL_SHAPELY,0.99,True,TRACK LIMITS AT TURN 9 LAP 11 
VIO-AUT23-SAI-L12-Turn1,2023_Austrian_Grand_Prix_Race,SAI,12,Turn 1,2.51,4.8,2.28,287.0,1.43,-347.54,-101.29,20,SPATIAL_SHAPELY,0.81,False,Unpenalized Excursion / Sub-Threshold
VIO-AUT23-SAI-L12-Turn3,2023_Austrian_Grand_Prix_Race,SAI,12,Turn 3,18.8,20.5,1.7,114.0,5.21,-945.87,621.02,14,SPATIAL_SHAPELY,0.99,False,Unpenalized Excursion / Sub-Threshold
VIO-AUT23-SAI-L12-Turn4,2023_Austrian_Grand_Prix_Race,SAI,12,Turn 4,36.64,39.67,3.04,151.0,5.6,-174.96,516.1,24,SPATIAL_SHAPELY,0.99,False,Unpenalized Excursion / Sub-Threshold
VIO-AUT23-SAI-L12-Turn6,2023_Austrian_Grand_Prix_Race,SAI,12,Turn 6,44.35,44.98,0.62,186.0,1.66,-562.5,464.58,7,SPATIAL_SHAPELY,0.83,False,Unpenalized Excursion / Sub-Threshold
VIO-AUT23-SAI-L12-Turn7,2023_Austrian_Grand_Prix_Race,SAI,12,Turn 7,52.52,54.23,1.72,215.6,6.73,-370.12,248.9,15,SPATIAL_SHAPELY,0.99,False,Unpenalized Excursion / Sub-Threshold
VIO-AUT23-SAI-L12-Turn9,2023_Austrian_Grand_Prix_Race,SAI,12,Turn 9,60.99,61.72,0.72,222.0,2.7,216.06,306.79,7,SPATIAL_SHAPELY,0.92,False,Unpenalized Excursion / Sub-Threshold
VIO-AUT23-SAI-L12-Turn10,2023_Austrian_Grand_Prix_Race,SAI,12,Turn 10,67.88,70.66,2.78,279.5,1.45,1.76,-6.98,22,SPATIAL_SHAPELY,0.82,False,Unpenalized Excursion / Sub-Threshold
VIO-AUT23-SAI-L13-Turn1,2023_Austrian_Grand_Prix_Race,SAI,13,Turn 1,2.57,5.02,2.44,220.6,1.39,-370.93,-107.51,18,SPATIAL_SHAPELY,0.81,False,Unpenalized Excursion / Sub-Threshold
VIO-AUT23-SAI-L13-Turn3,2023_Austrian_Grand_Prix_Race,SAI,13,Turn 3,18.66,20.36,1.7,119.0,5.21,-946.43,621.58,14,SPATIAL_SHAPELY,0.99,False,Unpenalized Excursion / Sub-Threshold
VIO-AUT23-SAI-L13-Turn4,2023_Austrian_Grand_Prix_Race,SAI,13,Turn 4,36.88,39.81,2.94,143.0,5.52,-173.35,518.31,22,SPATIAL_SHAPELY,0.99,False,Unpenalized Excursion / Sub-Threshold
VIO-AUT23-SAI-L13-Turn6,2023_Austrian_Grand_Prix_Race,SAI,13,Turn 6,44.41,45.66,1.24,186.4,1.6,-560.25,465.44,12,SPATIAL_SHAPELY,0.83,False,Unpenalized Excursion / Sub-Threshold
VIO-AUT23-SAI-L13-Turn7,2023_Austrian_Grand_Prix_Race,SAI,13,Turn 7,52.88,54.41,1.54,214.0,6.68,-369.58,249.47,14,SPATIAL_SHAPELY,0.99,False,Unpenalized Excursion / Sub-Threshold
VIO-AUT23-SAI-L13-Turn9,2023_Austrian_Grand_Prix_Race,SAI,13,Turn 9,61.12,61.97,0.86,226.7,2.77,214.74,307.3,7,SPATIAL_SHAPELY,0.92,False,Unpenalized Excursion / Sub-Threshold
VIO-AUT23-SAI-L13-Turn10,2023_Austrian_Grand_Prix_Race,SAI,13,Turn 10,65.65,67.48,1.82,179.2,5.85,266.2,74.39,14,SPATIAL_SHAPELY,0.99,False,Unpenalized Excursion / Sub-Threshold
VIO-AUT23-SAI-L14-Turn1,2023_Austrian_Grand_Prix_Race,SAI,14,Turn 1,2.49,5.01,2.52,203.1,1.39,-374.66,-108.51,21,SPATIAL_SHAPELY,0.81,False,Unpenalized Excursion / Sub-Threshold
VIO-AUT23-SAI-L14-Turn3,2023_Austrian_Grand_Prix_Race,SAI,14,Turn 3,18.97,20.81,1.84,119.0,5.2,-940.99,616.19,16,SPATIAL_SHAPELY,0.99,False,Unpenalized Excursion / Sub-Threshold
VIO-AUT23-SAI-L14-Turn4,2023_Austrian_Grand_Prix_Race,SAI,14,Turn 4,37.17,40.15,2.98,133.0,5.57,-169.13,523.9,24,SPATIAL_SHAPELY,0.99,False,Unpenalized Excursion / Sub-Threshold
VIO-AUT23-SAI-L14-Turn6,2023_Austrian_Grand_Prix_Race,SAI,14,Turn 6,44.73,45.91,1.18,181.0,1.48,-571.98,460.07,9,SPATIAL_SHAPELY,0.82,False,Unpenalized Excursion / Sub-Threshold
VIO-AUT23-SAI-L14-Turn7,2023_Austrian_Grand_Prix_Race,SAI,14,Turn 7,53.17,54.77,1.6,218.8,6.71,-369.62,249.4,16,SPATIAL_SHAPELY,0.99,False,Unpenalized Excursion / Sub-Threshold
VIO-AUT23-SAI-L14-Turn9,2023_Austrian_Grand_Prix_Race,SAI,14,Turn 9,61.33,62.23,0.9,212.0,2.75,218.34,305.69,8,SPATIAL_SHAPELY,0.92,False,Unpenalized Excursion / Sub-Threshold
VIO-AUT23-SAI-L14-Turn10,2023_Austrian_Grand_Prix_Race,SAI,14,Turn 10,72.21,77.04,4.83,122.0,1.01,167.54,36.92,40,SPATIAL_SHAPELY,0.78,False,Unpenalized Excursion / Sub-Threshold
VIO-AUT23-SAI-L15-Turn1,2023_Austrian_Grand_Prix_Race,SAI,15,Turn 1,4.03,8.89,4.86,153.0,1.42,-368.21,-106.81,35,SPATIAL_SHAPELY,0.81,False,Unpenalized Excursion / Sub-Threshold
VIO-AUT23-SAI-L15-Turn3,2023_Austrian_Grand_Prix_Race,SAI,15,Turn 3,26.2,28.09,1.88,104.0,5.34,-945.69,620.65,14,SPATIAL_SHAPELY,0.99,False,Unpenalized Excursion / Sub-Threshold
VIO-AUT23-SAI-L15-Turn4,2023_Austrian_Grand_Prix_Race,SAI,15,Turn 4,49.23,52.51,3.28,128.9,5.59,-170.23,522.34,27,SPATIAL_SHAPELY,0.99,False,Unpenalized Excursion / Sub-Threshold
VIO-AUT23-SAI-L15-Turn6,2023_Austrian_Grand_Prix_Race,SAI,15,Turn 6,57.77,58.61,0.84,161.6,1.66,-562.56,464.54,8,SPATIAL_SHAPELY,0.83,False,Unpenalized Excursion / Sub-Threshold
VIO-AUT23-SAI-L15-Turn7,2023_Austrian_Grand_Prix_Race,SAI,15,Turn 7,68.13,70.23,2.1,186.0,6.66,-372.09,247.1,19,SPATIAL_SHAPELY,0.99,False,Unpenalized Excursion / Sub-Threshold
VIO-AUT23-SAI-L15-Turn9,2023_Austrian_Grand_Prix_Race,SAI,15,Turn 9,81.77,83.17,1.4,135.6,2.91,219.38,305.0,11,SPATIAL_SHAPELY,0.93,False,Unpenalized Excursion / Sub-Threshold
VIO-AUT23-SAI-L16-Turn1,2023_Austrian_Grand_Prix_Race,SAI,16,Turn 1,18.23,28.05,9.82,84.7,7.62,-428.83,-102.02,78,SPATIAL_SHAPELY,0.99,False,Unpenalized Excursion / Sub-Threshold
VIO-AUT23-SAI-L16-Turn3,2023_Austrian_Grand_Prix_Race,SAI,16,Turn 3,40.03,41.49,1.46,139.4,5.2,-942.91,618.08,14,SPATIAL_SHAPELY,0.99,False,Unpenalized Excursion / Sub-Threshold
VIO-AUT23-SAI-L16-Turn4,2023_Austrian_Grand_Prix_Race,SAI,16,Turn 4,57.53,60.33,2.8,129.0,5.61,-169.49,523.32,22,SPATIAL_SHAPELY,0.99,False,Unpenalized Excursion / Sub-Threshold
VIO-AUT23-SAI-L16-Turn6,2023_Austrian_Grand_Prix_Race,SAI,16,Turn 6,65.07,65.93,0.86,192.4,1.43,-564.98,463.64,8,SPATIAL_SHAPELY,0.81,False,Unpenalized Excursion / Sub-Threshold
VIO-AUT23-SAI-L16-Turn7,2023_Austrian_Grand_Prix_Race,SAI,16,Turn 7,73.17,74.77,1.6,231.0,6.65,-360.51,257.67,14,SPATIAL_SHAPELY,0.99,False,Unpenalized Excursion / Sub-Threshold
VIO-AUT23-SAI-L16-Turn9,2023_Austrian_Grand_Prix_Race,SAI,16,Turn 9,81.21,81.93,0.72,240.0,3.01,206.61,309.83,4,SPATIAL_SHAPELY,0.94,False,Unpenalized Excursion / Sub-Threshold
VIO-AUT23-SAI-L17-Turn1,2023_Austrian_Grand_Prix_Race,SAI,17,Turn 1,2.54,4.94,2.4,290.0,1.42,-354.93,-103.26,22,SPATIAL_SHAPELY,0.81,True,TRACK LIMITS AT TURN 9 LAP 17 
VIO-AUT23-SAI-L17-Turn3,2023_Austrian_Grand_Prix_Race,SAI,17,Turn 3,18.4,20.06,1.66,118.3,5.21,-945.12,620.28,14,SPATIAL_SHAPELY,0.99,True,TRACK LIMITS AT TURN 9 LAP 17 
VIO-AUT23-SAI-L17-Turn4,2023_Austrian_Grand_Prix_Race,SAI,17,Turn 4,35.94,38.82,2.88,136.0,5.55,-168.29,525.07,23,SPATIAL_SHAPELY,0.99,True,TRACK LIMITS AT TURN 9 LAP 17 
VIO-AUT23-SAI-L17-Turn6,2023_Austrian_Grand_Prix_Race,SAI,17,Turn 6,43.5,44.78,1.28,191.0,1.53,-562.83,464.55,10,SPATIAL_SHAPELY,0.82,True,TRACK LIMITS AT TURN 9 LAP 17 
VIO-AUT23-SAI-L17-Turn7,2023_Austrian_Grand_Prix_Race,SAI,17,Turn 7,51.58,53.24,1.66,226.6,6.71,-368.51,250.39,15,SPATIAL_SHAPELY,0.99,True,TRACK LIMITS AT TURN 9 LAP 17 
VIO-AUT23-SAI-L17-Turn9,2023_Austrian_Grand_Prix_Race,SAI,17,Turn 9,59.72,60.54,0.82,228.0,2.81,224.53,302.36,7,SPATIAL_SHAPELY,0.92,True,TRACK LIMITS AT TURN 9 LAP 17 
VIO-AUT23-SAI-L17-Turn10,2023_Austrian_Grand_Prix_Race,SAI,17,Turn 10,64.04,65.86,1.82,182.2,6.16,272.65,78.58,16,SPATIAL_SHAPELY,0.99,True,TRACK LIMITS AT TURN 9 LAP 17 
VIO-AUT23-SAI-L18-Turn1,2023_Austrian_Grand_Prix_Race,SAI,18,Turn 1,2.55,5.07,2.52,286.6,1.42,-349.18,-101.72,21,SPATIAL_SHAPELY,0.81,False,Unpenalized Excursion / Sub-Threshold
VIO-AUT23-SAI-L18-Turn3,2023_Austrian_Grand_Prix_Race,SAI,18,Turn 3,18.67,20.31,1.64,139.8,5.2,-942.91,618.08,12,SPATIAL_SHAPELY,0.99,False,Unpenalized Excursion / Sub-Threshold
VIO-AUT23-SAI-L18-Turn4,2023_Austrian_Grand_Prix_Race,SAI,18,Turn 4,36.25,39.17,2.92,141.0,5.65,-169.61,523.09,23,SPATIAL_SHAPELY,0.99,False,Unpenalized Excursion / Sub-Threshold
VIO-AUT23-SAI-L18-Turn6,2023_Austrian_Grand_Prix_Race,SAI,18,Turn 6,43.67,44.89,1.22,191.9,1.63,-561.76,464.94,12,SPATIAL_SHAPELY,0.83,False,Unpenalized Excursion / Sub-Threshold
VIO-AUT23-SAI-L18-Turn7,2023_Austrian_Grand_Prix_Race,SAI,18,Turn 7,51.89,53.33,1.44,227.0,6.58,-363.28,255.2,11,SPATIAL_SHAPELY,0.99,False,Unpenalized Excursion / Sub-Threshold
VIO-AUT23-SAI-L18-Turn9,2023_Austrian_Grand_Prix_Race,SAI,18,Turn 9,59.93,60.79,0.86,235.4,2.76,213.64,307.8,6,SPATIAL_SHAPELY,0.92,False,Unpenalized Excursion / Sub-Threshold
VIO-AUT23-SAI-L18-Turn10,2023_Austrian_Grand_Prix_Race,SAI,18,Turn 10,64.57,66.17,1.6,180.1,6.19,273.96,79.48,17,SPATIAL_SHAPELY,0.99,False,Unpenalized Excursion / Sub-Threshold
VIO-AUT23-SAI-L19-Turn1,2023_Austrian_Grand_Prix_Race,SAI,19,Turn 1,2.54,4.78,2.24,269.0,1.41,-350.94,-102.19,17,SPATIAL_SHAPELY,0.81,False,Unpenalized Excursion / Sub-Threshold
VIO-AUT23-SAI-L19-Turn3,2023_Austrian_Grand_Prix_Race,SAI,19,Turn 3,18.28,19.98,1.7,139.0,5.26,-941.11,616.22,13,SPATIAL_SHAPELY,0.99,False,Unpenalized Excursion / Sub-Threshold
VIO-AUT23-SAI-L19-Turn4,2023_Austrian_Grand_Prix_Race,SAI,19,Turn 4,35.94,38.94,3.0,137.0,5.6,-170.25,522.31,22,SPATIAL_SHAPELY,0.99,False,Unpenalized Excursion / Sub-Threshold
VIO-AUT23-SAI-L19-Turn6,2023_Austrian_Grand_Prix_Race,SAI,19,Turn 6,43.58,44.9,1.32,186.9,1.36,-566.79,462.84,12,SPATIAL_SHAPELY,0.81,False,Unpenalized Excursion / Sub-Threshold
VIO-AUT23-SAI-L19-Turn7,2023_Austrian_Grand_Prix_Race,SAI,19,Turn 7,51.54,52.94,1.4,224.0,6.66,-371.83,247.36,11,SPATIAL_SHAPELY,0.99,False,Unpenalized Excursion / Sub-Threshold
VIO-AUT23-SAI-L19-Turn9,2023_Austrian_Grand_Prix_Race,SAI,19,Turn 9,59.94,60.58,0.64,228.0,2.93,223.07,303.05,6,SPATIAL_SHAPELY,0.93,False,Unpenalized Excursion / Sub-Threshold
VIO-AUT23-SAI-L19-Turn10,2023_Austrian_Grand_Prix_Race,SAI,19,Turn 10,64.32,66.1,1.78,177.0,6.11,265.96,73.9,15,SPATIAL_SHAPELY,0.99,False,Unpenalized Excursion / Sub-Threshold
VIO-AUT23-SAI-L20-Turn1,2023_Austrian_Grand_Prix_Race,SAI,20,Turn 1,2.51,4.87,2.36,265.0,1.39,-362.71,-105.32,12,SPATIAL_SHAPELY,0.81,False,Unpenalized Excursion / Sub-Threshold
VIO-AUT23-SAI-L20-Turn3,2023_Austrian_Grand_Prix_Race,SAI,20,Turn 3,18.49,19.97,1.48,145.0,5.21,-943.41,618.58,13,SPATIAL_SHAPELY,0.99,False,Unpenalized Excursion / Sub-Threshold
VIO-AUT23-SAI-L20-Turn4,2023_Austrian_Grand_Prix_Race,SAI,20,Turn 4,35.91,39.07,3.16,137.0,5.55,-169.31,523.67,25,SPATIAL_SHAPELY,0.99,False,Unpenalized Excursion / Sub-Threshold
VIO-AUT23-SAI-L20-Turn6,2023_Austrian_Grand_Prix_Race,SAI,20,Turn 6,43.65,44.79,1.14,186.0,1.44,-569.15,461.59,10,SPATIAL_SHAPELY,0.82,False,Unpenalized Excursion / Sub-Threshold
VIO-AUT23-SAI-L20-Turn7,2023_Austrian_Grand_Prix_Race,SAI,20,Turn 7,51.79,53.23,1.44,225.5,6.71,-368.51,250.39,12,SPATIAL_SHAPELY,0.99,False,Unpenalized Excursion / Sub-Threshold
VIO-AUT23-SAI-L20-Turn9,2023_Austrian_Grand_Prix_Race,SAI,20,Turn 9,59.83,60.72,0.88,222.0,2.75,223.03,303.28,9,SPATIAL_SHAPELY,0.92,False,Unpenalized Excursion / Sub-Threshold
VIO-AUT23-SAI-L21-Turn1,2023_Austrian_Grand_Prix_Race,SAI,21,Turn 1,2.56,5.22,2.66,236.0,1.42,-364.38,-105.79,21,SPATIAL_SHAPELY,0.81,False,Unpenalized Excursion / Sub-Threshold
VIO-AUT23-SAI-L21-Turn3,2023_Austrian_Grand_Prix_Race,SAI,21,Turn 3,18.94,20.5,1.56,138.0,5.21,-943.41,618.58,13,SPATIAL_SHAPELY,0.99,False,Unpenalized Excursion / Sub-Threshold
VIO-AUT23-SAI-L21-Turn4,2023_Austrian_Grand_Prix_Race,SAI,21,Turn 4,36.66,39.62,2.96,127.0,5.54,-165.26,529.18,23,SPATIAL_SHAPELY,0.99,False,Unpenalized Excursion / Sub-Threshold
VIO-AUT23-SAI-L21-Turn6,2023_Austrian_Grand_Prix_Race,SAI,21,Turn 6,44.16,45.0,0.84,191.0,1.59,-560.73,465.3,9,SPATIAL_SHAPELY,0.83,False,Unpenalized Excursion / Sub-Threshold
VIO-AUT23-SAI-L21-Turn7,2023_Austrian_Grand_Prix_Race,SAI,21,Turn 7,52.3,53.82,1.52,227.0,6.75,-367.02,251.68,13,SPATIAL_SHAPELY,0.99,False,Unpenalized Excursion / Sub-Threshold
VIO-AUT23-SAI-L21-Turn9,2023_Austrian_Grand_Prix_Race,SAI,21,Turn 9,60.42,61.18,0.76,228.0,2.79,217.32,306.13,7,SPATIAL_SHAPELY,0.92,False,Unpenalized Excursion / Sub-Threshold
VIO-AUT23-SAI-L22-Turn1,2023_Austrian_Grand_Prix_Race,SAI,22,Turn 1,2.49,5.22,2.74,228.4,1.4,-367.91,-106.71,24,SPATIAL_SHAPELY,0.81,False,Unpenalized Excursion / Sub-Threshold
VIO-AUT23-SAI-L22-Turn3,2023_Austrian_Grand_Prix_Race,SAI,22,Turn 3,18.93,20.35,1.42,141.8,5.13,-940.59,615.89,12,SPATIAL_SHAPELY,0.99,False,Unpenalized Excursion / Sub-Threshold
VIO-AUT23-SAI-L22-Turn4,2023_Austrian_Grand_Prix_Race,SAI,22,Turn 4,36.91,39.79,2.88,140.0,5.6,-168.95,524.08,25,SPATIAL_SHAPELY,0.99,False,Unpenalized Excursion / Sub-Threshold
VIO-AUT23-SAI-L22-Turn6,2023_Austrian_Grand_Prix_Race,SAI,22,Turn 6,44.21,45.59,1.38,197.2,1.47,-557.83,466.34,11,SPATIAL_SHAPELY,0.82,False,Unpenalized Excursion / Sub-Threshold
VIO-AUT23-SAI-L22-Turn7,2023_Austrian_Grand_Prix_Race,SAI,22,Turn 7,52.43,54.07,1.64,225.0,6.64,-361.36,256.88,12,SPATIAL_SHAPELY,0.99,False,Unpenalized Excursion / Sub-Threshold
VIO-AUT23-SAI-L22-Turn9,2023_Austrian_Grand_Prix_Race,SAI,22,Turn 9,60.71,61.59,0.88,232.0,2.87,217.89,305.78,6,SPATIAL_SHAPELY,0.93,False,Unpenalized Excursion / Sub-Threshold
VIO-AUT23-SAI-L22-Turn10,2023_Austrian_Grand_Prix_Race,SAI,22,Turn 10,67.41,70.2,2.79,274.8,2.01,3.47,-6.48,22,SPATIAL_SHAPELY,0.86,False,Unpenalized Excursion / Sub-Threshold
VIO-AUT23-SAI-L23-Turn1,2023_Austrian_Grand_Prix_Race,SAI,23,Turn 1,2.59,5.19,2.6,261.1,1.39,-359.75,-104.52,20,SPATIAL_SHAPELY,0.81,False,Unpenalized Excursion / Sub-Threshold
VIO-AUT23-SAI-L23-Turn3,2023_Austrian_Grand_Prix_Race,SAI,23,Turn 3,18.83,20.39,1.56,132.9,5.13,-941.2,616.49,13,SPATIAL_SHAPELY,0.99,False,Unpenalized Excursion / Sub-Threshold
VIO-AUT23-SAI-L23-Turn4,2023_Austrian_Grand_Prix_Race,SAI,23,Turn 4,36.59,39.45,2.86,145.1,5.5,-171.24,521.15,23,SPATIAL_SHAPELY,0.99,False,Unpenalized Excursion / Sub-Threshold
VIO-AUT23-SAI-L23-Turn6,2023_Austrian_Grand_Prix_Race,SAI,23,Turn 6,44.19,45.39,1.2,191.0,1.63,-561.76,464.94,12,SPATIAL_SHAPELY,0.83,False,Unpenalized Excursion / Sub-Threshold
VIO-AUT23-SAI-L23-Turn7,2023_Austrian_Grand_Prix_Race,SAI,23,Turn 7,52.23,53.85,1.62,222.3,6.75,-369.12,249.79,13,SPATIAL_SHAPELY,0.99,False,Unpenalized Excursion / Sub-Threshold
VIO-AUT23-SAI-L23-Turn9,2023_Austrian_Grand_Prix_Race,SAI,23,Turn 9,60.61,61.27,0.66,227.0,2.7,220.82,304.53,8,SPATIAL_SHAPELY,0.92,False,Unpenalized Excursion / Sub-Threshold
VIO-AUT23-SAI-L23-Turn10,2023_Austrian_Grand_Prix_Race,SAI,23,Turn 10,65.07,66.71,1.64,183.0,6.15,270.88,77.31,14,SPATIAL_SHAPELY,0.99,False,Unpenalized Excursion / Sub-Threshold
VIO-AUT23-SAI-L24-Turn1,2023_Austrian_Grand_Prix_Race,SAI,24,Turn 1,2.6,5.14,2.54,229.0,1.41,-367.58,-106.64,20,SPATIAL_SHAPELY,0.81,False,Unpenalized Excursion / Sub-Threshold
VIO-AUT23-SAI-L24-Turn3,2023_Austrian_Grand_Prix_Race,SAI,24,Turn 3,18.9,20.58,1.68,129.0,5.24,-944.23,619.35,14,SPATIAL_SHAPELY,0.99,False,Unpenalized Excursion / Sub-Threshold
VIO-AUT23-SAI-L24-Turn4,2023_Austrian_Grand_Prix_Race,SAI,24,Turn 4,36.78,39.72,2.94,148.1,5.54,-171.64,520.55,24,SPATIAL_SHAPELY,0.99,False,Unpenalized Excursion / Sub-Threshold
VIO-AUT23-SAI-L24-Turn6,2023_Austrian_Grand_Prix_Race,SAI,24,Turn 6,44.14,45.16,1.02,191.5,1.57,-560.35,465.44,9,SPATIAL_SHAPELY,0.83,False,Unpenalized Excursion / Sub-Threshold
VIO-AUT23-SAI-L24-Turn7,2023_Austrian_Grand_Prix_Race,SAI,24,Turn 7,52.38,53.86,1.48,220.0,6.75,-366.33,252.28,13,SPATIAL_SHAPELY,0.99,False,Unpenalized Excursion / Sub-Threshold
VIO-AUT23-SAI-L24-Turn9,2023_Austrian_Grand_Prix_Race,SAI,24,Turn 9,60.66,61.26,0.6,232.0,2.68,213.67,307.87,5,SPATIAL_SHAPELY,0.91,False,Unpenalized Excursion / Sub-Threshold
VIO-AUT23-SAI-L24-Turn10,2023_Austrian_Grand_Prix_Race,SAI,24,Turn 10,67.2,70.0,2.8,231.0,1.0,165.07,36.29,21,SPATIAL_SHAPELY,0.78,False,Unpenalized Excursion / Sub-Threshold
VIO-AUT23-SAI-L25-Turn1,2023_Austrian_Grand_Prix_Race,SAI,25,Turn 1,2.58,5.16,2.58,204.0,1.38,-378.91,-109.64,21,SPATIAL_SHAPELY,0.81,False,Unpenalized Excursion / Sub-Threshold
VIO-AUT23-SAI-L25-Turn3,2023_Austrian_Grand_Prix_Race,SAI,25,Turn 3,18.78,20.5,1.72,126.1,5.2,-942.1,617.29,13,SPATIAL_SHAPELY,0.99,False,Unpenalized Excursion / Sub-Threshold
VIO-AUT23-SAI-L25-Turn4,2023_Austrian_Grand_Prix_Race,SAI,25,Turn 4,36.72,39.7,2.98,136.2,5.56,-168.22,525.14,24,SPATIAL_SHAPELY,0.99,False,Unpenalized Excursion / Sub-Threshold
VIO-AUT23-SAI-L25-Turn6,2023_Austrian_Grand_Prix_Race,SAI,25,Turn 6,44.3,45.5,1.2,198.6,1.36,-557.12,466.64,10,SPATIAL_SHAPELY,0.81,False,Unpenalized Excursion / Sub-Threshold
VIO-AUT23-SAI-L25-Turn7,2023_Austrian_Grand_Prix_Race,SAI,25,Turn 7,52.22,54.02,1.8,223.0,6.74,-369.47,249.49,15,SPATIAL_SHAPELY,0.99,False,Unpenalized Excursion / Sub-Threshold
VIO-AUT23-SAI-L25-Turn9,2023_Austrian_Grand_Prix_Race,SAI,25,Turn 9,60.58,61.4,0.82,232.0,2.75,217.82,305.94,8,SPATIAL_SHAPELY,0.92,False,Unpenalized Excursion / Sub-Threshold
VIO-AUT23-PER-L1-Turn1,2023_Austrian_Grand_Prix_Race,PER,1,Turn 1,6.46,9.54,3.08,218.2,1.42,-349.18,-101.72,23,SPATIAL_SHAPELY,0.81,False,Unpenalized Excursion / Sub-Threshold
VIO-AUT23-PER-L1-Turn3,2023_Austrian_Grand_Prix_Race,PER,1,Turn 3,25.02,26.94,1.92,130.0,5.14,-941.46,616.73,15,SPATIAL_SHAPELY,0.99,False,Unpenalized Excursion / Sub-Threshold
VIO-AUT23-PER-L1-Turn4,2023_Austrian_Grand_Prix_Race,PER,1,Turn 4,44.03,47.27,3.24,120.2,5.6,-171.04,521.25,28,SPATIAL_SHAPELY,0.99,False,Unpenalized Excursion / Sub-Threshold
VIO-AUT23-PER-L1-Turn6,2023_Austrian_Grand_Prix_Race,PER,1,Turn 6,52.0,53.46,1.46,168.7,1.45,-567.6,462.34,12,SPATIAL_SHAPELY,0.82,False,Unpenalized Excursion / Sub-Threshold
VIO-AUT23-PER-L1-Turn7,2023_Austrian_Grand_Prix_Race,PER,1,Turn 7,61.2,62.74,1.55,218.3,6.64,-359.65,258.48,16,SPATIAL_SHAPELY,0.99,False,Unpenalized Excursion / Sub-Threshold
VIO-AUT23-PER-L1-Turn9,2023_Austrian_Grand_Prix_Race,PER,1,Turn 9,69.47,70.5,1.03,189.0,2.95,208.29,309.42,7,SPATIAL_SHAPELY,0.94,False,Unpenalized Excursion / Sub-Threshold
VIO-AUT23-PER-L1-Turn10,2023_Austrian_Grand_Prix_Race,PER,1,Turn 10,86.88,97.41,10.54,150.0,2.37,3.17,-6.68,81,SPATIAL_SHAPELY,0.89,False,Unpenalized Excursion / Sub-Threshold
VIO-AUT23-PER-L2-Turn1,2023_Austrian_Grand_Prix_Race,PER,2,Turn 1,4.65,9.45,4.8,132.3,1.4,-353.71,-102.92,41,SPATIAL_SHAPELY,0.81,False,Unpenalized Excursion / Sub-Threshold
VIO-AUT23-PER-L2-Turn3,2023_Austrian_Grand_Prix_Race,PER,2,Turn 3,33.06,35.63,2.56,74.0,5.21,-942.0,617.17,22,SPATIAL_SHAPELY,0.99,False,Unpenalized Excursion / Sub-Threshold
VIO-AUT23-PER-L2-Turn4,2023_Austrian_Grand_Prix_Race,PER,2,Turn 4,55.09,60.55,5.46,80.0,5.48,-170.99,521.51,44,SPATIAL_SHAPELY,0.99,False,Unpenalized Excursion / Sub-Threshold
VIO-AUT23-PER-L2-Turn6,2023_Austrian_Grand_Prix_Race,PER,2,Turn 6,68.02,70.05,2.03,114.0,1.74,-557.67,466.11,16,SPATIAL_SHAPELY,0.84,False,Unpenalized Excursion / Sub-Threshold
VIO-AUT23-PER-L2-Turn7,2023_Austrian_Grand_Prix_Race,PER,2,Turn 7,80.3,83.43,3.12,125.0,6.75,-367.72,251.05,25,SPATIAL_SHAPELY,0.99,False,Unpenalized Excursion / Sub-Threshold
VIO-AUT23-PER-L2-Turn9,2023_Austrian_Grand_Prix_Race,PER,2,Turn 9,93.86,95.59,1.72,119.1,2.99,213.74,307.5,13,SPATIAL_SHAPELY,0.94,False,Unpenalized Excursion / Sub-Threshold
VIO-AUT23-PER-L3-Turn1,2023_Austrian_Grand_Prix_Race,PER,3,Turn 1,9.54,21.32,11.78,70.4,7.45,-429.64,-101.72,85,SPATIAL_SHAPELY,0.99,False,Unpenalized Excursion / Sub-Threshold
VIO-AUT23-PER-L3-Turn3,2023_Austrian_Grand_Prix_Race,PER,3,Turn 3,34.36,35.96,1.6,120.9,5.27,-942.61,617.69,14,SPATIAL_SHAPELY,0.99,False,Unpenalized Excursion / Sub-Threshold
VIO-AUT23-PER-L3-Turn4,2023_Austrian_Grand_Prix_Race,PER,3,Turn 4,54.48,58.88,4.4,87.3,5.46,-173.86,517.75,38,SPATIAL_SHAPELY,0.99,False,Unpenalized Excursion / Sub-Threshold
VIO-AUT23-PER-L3-Turn6,2023_Austrian_Grand_Prix_Race,PER,3,Turn 6,64.76,66.76,2.0,120.7,1.7,-558.03,466.04,16,SPATIAL_SHAPELY,0.84,False,Unpenalized Excursion / Sub-Threshold
VIO-AUT23-PER-L3-Turn7,2023_Austrian_Grand_Prix_Race,PER,3,Turn 7,82.88,87.56,4.68,74.5,6.67,-370.33,248.8,36,SPATIAL_SHAPELY,0.99,False,Unpenalized Excursion / Sub-Threshold
VIO-AUT23-PER-L3-Turn9,2023_Austrian_Grand_Prix_Race,PER,3,Turn 9,96.0,96.84,0.84,202.0,2.77,218.44,305.62,8,SPATIAL_SHAPELY,0.92,False,Unpenalized Excursion / Sub-Threshold
VIO-AUT23-PER-L4-Turn1,2023_Austrian_Grand_Prix_Race,PER,4,Turn 1,2.68,5.16,2.48,210.2,1.39,-367.2,-106.51,22,SPATIAL_SHAPELY,0.81,False,Unpenalized Excursion / Sub-Threshold
VIO-AUT23-PER-L4-Turn3,2023_Austrian_Grand_Prix_Race,PER,4,Turn 3,19.13,20.49,1.36,123.0,5.23,-945.49,620.61,11,SPATIAL_SHAPELY,0.99,False,Unpenalized Excursion / Sub-Threshold
VIO-AUT23-PER-L4-Turn4,2023_Austrian_Grand_Prix_Race,PER,4,Turn 4,37.14,40.57,3.43,135.0,5.49,-175.67,515.38,28,SPATIAL_SHAPELY,0.99,False,Unpenalized Excursion / Sub-Threshold
VIO-AUT23-PER-L4-Turn6,2023_Austrian_Grand_Prix_Race,PER,4,Turn 6,45.32,46.66,1.34,172.0,1.59,-560.17,465.47,12,SPATIAL_SHAPELY,0.83,False,Unpenalized Excursion / Sub-Threshold
VIO-AUT23-PER-L4-Turn7,2023_Austrian_Grand_Prix_Race,PER,4,Turn 7,54.08,55.41,1.34,221.0,6.65,-370.39,248.75,11,SPATIAL_SHAPELY,0.99,False,Unpenalized Excursion / Sub-Threshold
VIO-AUT23-PER-L4-Turn9,2023_Austrian_Grand_Prix_Race,PER,4,Turn 9,62.25,63.12,0.87,216.0,2.98,211.68,308.27,7,SPATIAL_SHAPELY,0.94,False,Unpenalized Excursion / Sub-Threshold
VIO-AUT23-PER-L4-Turn10,2023_Austrian_Grand_Prix_Race,PER,4,Turn 10,69.46,72.38,2.92,271.3,2.43,2.77,-6.78,24,SPATIAL_SHAPELY,0.89,False,Unpenalized Excursion / Sub-Threshold
VIO-AUT23-PER-L5-Turn1,2023_Austrian_Grand_Prix_Race,PER,5,Turn 1,2.6,5.08,2.48,208.0,1.45,-366.77,-106.46,22,SPATIAL_SHAPELY,0.82,False,Unpenalized Excursion / Sub-Threshold
VIO-AUT23-PER-L5-Turn3,2023_Austrian_Grand_Prix_Race,PER,5,Turn 3,19.2,20.36,1.16,138.0,5.25,-944.11,619.22,11,SPATIAL_SHAPELY,0.99,False,Unpenalized Excursion / Sub-Threshold
VIO-AUT23-PER-L5-Turn4,2023_Austrian_Grand_Prix_Race,PER,5,Turn 4,36.84,40.23,3.39,125.0,5.54,-170.59,521.95,29,SPATIAL_SHAPELY,0.99,False,Unpenalized Excursion / Sub-Threshold
VIO-AUT23-PER-L5-Turn6,2023_Austrian_Grand_Prix_Race,PER,5,Turn 6,44.82,46.18,1.36,190.2,1.47,-557.83,466.34,11,SPATIAL_SHAPELY,0.82,False,Unpenalized Excursion / Sub-Threshold
VIO-AUT23-PER-L5-Turn7,2023_Austrian_Grand_Prix_Race,PER,5,Turn 7,53.35,55.02,1.67,223.1,6.63,-359.55,258.58,11,SPATIAL_SHAPELY,0.99,False,Unpenalized Excursion / Sub-Threshold
VIO-AUT23-PER-L5-Turn9,2023_Austrian_Grand_Prix_Race,PER,5,Turn 9,61.72,62.48,0.76,219.8,2.75,215.45,307.0,8,SPATIAL_SHAPELY,0.92,False,Unpenalized Excursion / Sub-Threshold
VIO-AUT23-PER-L6-Turn1,2023_Austrian_Grand_Prix_Race,PER,6,Turn 1,2.48,5.08,2.6,241.4,1.44,-359.55,-104.52,21,SPATIAL_SHAPELY,0.81,False,Unpenalized Excursion / Sub-Threshold
VIO-AUT23-PER-L6-Turn3,2023_Austrian_Grand_Prix_Race,PER,6,Turn 3,19.0,20.4,1.4,129.0,5.2,-941.91,617.09,11,SPATIAL_SHAPELY,0.99,False,Unpenalized Excursion / Sub-Threshold
VIO-AUT23-PER-L6-Turn4,2023_Austrian_Grand_Prix_Race,PER,6,Turn 4,36.56,39.8,3.24,141.0,5.6,-174.47,516.74,27,SPATIAL_SHAPELY,0.99,False,Unpenalized Excursion / Sub-Threshold
VIO-AUT23-PER-L6-Turn6,2023_Austrian_Grand_Prix_Race,PER,6,Turn 6,44.64,45.98,1.34,172.0,1.45,-565.82,463.22,11,SPATIAL_SHAPELY,0.82,False,Unpenalized Excursion / Sub-Threshold
VIO-AUT23-PER-L6-Turn7,2023_Austrian_Grand_Prix_Race,PER,6,Turn 7,53.26,54.76,1.5,218.2,6.72,-367.71,251.09,14,SPATIAL_SHAPELY,0.99,False,Unpenalized Excursion / Sub-Threshold
VIO-AUT23-PER-L6-Turn9,2023_Austrian_Grand_Prix_Race,PER,6,Turn 9,61.58,62.52,0.94,212.0,2.7,213.9,307.75,9,SPATIAL_SHAPELY,0.92,False,Unpenalized Excursion / Sub-Threshold
VIO-AUT23-PER-L6-Turn10,2023_Austrian_Grand_Prix_Race,PER,6,Turn 10,68.48,71.46,2.98,231.7,1.01,165.7,36.45,24,SPATIAL_SHAPELY,0.78,False,Unpenalized Excursion / Sub-Threshold
VIO-AUT23-PER-L7-Turn1,2023_Austrian_Grand_Prix_Race,PER,7,Turn 1,2.52,4.68,2.16,252.0,1.42,-356.07,-103.57,20,SPATIAL_SHAPELY,0.81,False,Unpenalized Excursion / Sub-Threshold
VIO-AUT23-PER-L7-Turn3,2023_Austrian_Grand_Prix_Race,PER,7,Turn 3,18.56,20.08,1.52,132.0,5.28,-943.09,618.16,15,SPATIAL_SHAPELY,0.99,False,Unpenalized Excursion / Sub-Threshold
VIO-AUT23-PER-L7-Turn4,2023_Austrian_Grand_Prix_Race,PER,7,Turn 4,36.28,39.54,3.26,121.0,5.61,-169.87,522.81,24,SPATIAL_SHAPELY,0.99,False,Unpenalized Excursion / Sub-Threshold
VIO-AUT23-PER-L7-Turn6,2023_Austrian_Grand_Prix_Race,PER,7,Turn 6,44.24,45.5,1.26,179.0,1.74,-561.8,464.81,12,SPATIAL_SHAPELY,0.84,False,Unpenalized Excursion / Sub-Threshold
VIO-AUT23-PER-L7-Turn7,2023_Austrian_Grand_Prix_Race,PER,7,Turn 7,52.86,54.42,1.56,209.0,6.71,-368.18,250.69,13,SPATIAL_SHAPELY,0.99,False,Unpenalized Excursion / Sub-Threshold
VIO-AUT23-PER-L7-Turn9,2023_Austrian_Grand_Prix_Race,PER,7,Turn 9,61.26,62.1,0.84,221.0,2.74,214.61,307.39,7,SPATIAL_SHAPELY,0.92,False,Unpenalized Excursion / Sub-Threshold
VIO-AUT23-PER-L8-Turn1,2023_Austrian_Grand_Prix_Race,PER,8,Turn 1,2.45,4.93,2.48,234.0,1.38,-360.15,-104.62,18,SPATIAL_SHAPELY,0.81,False,Unpenalized Excursion / Sub-Threshold
VIO-AUT23-PER-L8-Turn3,2023_Austrian_Grand_Prix_Race,PER,8,Turn 3,19.09,20.05,0.96,139.0,5.25,-944.0,619.11,8,SPATIAL_SHAPELY,0.99,False,Unpenalized Excursion / Sub-Threshold
VIO-AUT23-PER-L8-Turn4,2023_Austrian_Grand_Prix_Race,PER,8,Turn 4,36.49,39.61,3.12,111.0,5.57,-171.32,520.92,26,SPATIAL_SHAPELY,0.99,False,Unpenalized Excursion / Sub-Threshold
VIO-AUT23-PER-L8-Turn6,2023_Austrian_Grand_Prix_Race,PER,8,Turn 6,44.37,45.73,1.36,182.9,1.69,-561.86,464.84,14,SPATIAL_SHAPELY,0.84,False,Unpenalized Excursion / Sub-Threshold
VIO-AUT23-PER-L8-Turn7,2023_Austrian_Grand_Prix_Race,PER,8,Turn 7,53.21,54.53,1.32,218.8,6.64,-359.65,258.48,12,SPATIAL_SHAPELY,0.99,False,Unpenalized Excursion / Sub-Threshold
VIO-AUT23-PER-L8-Turn9,2023_Austrian_Grand_Prix_Race,PER,8,Turn 9,61.27,62.17,0.9,223.0,2.72,218.17,305.8,7,SPATIAL_SHAPELY,0.92,False,Unpenalized Excursion / Sub-Threshold
VIO-AUT23-PER-L9-Turn1,2023_Austrian_Grand_Prix_Race,PER,9,Turn 1,2.54,4.97,2.44,241.0,1.45,-356.99,-103.85,17,SPATIAL_SHAPELY,0.82,False,Unpenalized Excursion / Sub-Threshold
VIO-AUT23-PER-L9-Turn3,2023_Austrian_Grand_Prix_Race,PER,9,Turn 3,18.64,19.93,1.3,127.0,5.3,-944.92,619.96,10,SPATIAL_SHAPELY,0.99,False,Unpenalized Excursion / Sub-Threshold
VIO-AUT23-PER-L9-Turn4,2023_Austrian_Grand_Prix_Race,PER,9,Turn 4,36.55,39.55,3.0,119.0,5.6,-171.56,520.56,24,SPATIAL_SHAPELY,0.99,False,Unpenalized Excursion / Sub-Threshold
VIO-AUT23-PER-L9-Turn6,2023_Austrian_Grand_Prix_Race,PER,9,Turn 6,44.35,45.72,1.36,180.7,1.72,-561.76,464.84,10,SPATIAL_SHAPELY,0.84,False,Unpenalized Excursion / Sub-Threshold
VIO-AUT23-PER-L9-Turn7,2023_Austrian_Grand_Prix_Race,PER,9,Turn 7,53.34,54.87,1.54,206.8,6.69,-369.32,249.7,13,SPATIAL_SHAPELY,0.99,False,Unpenalized Excursion / Sub-Threshold
VIO-AUT23-PER-L9-Turn9,2023_Austrian_Grand_Prix_Race,PER,9,Turn 9,61.63,62.47,0.84,210.0,2.74,221.19,304.3,8,SPATIAL_SHAPELY,0.92,False,Unpenalized Excursion / Sub-Threshold
VIO-AUT23-PER-L10-Turn1,2023_Austrian_Grand_Prix_Race,PER,10,Turn 1,2.39,4.79,2.4,234.6,1.44,-368.11,-106.81,21,SPATIAL_SHAPELY,0.82,False,Unpenalized Excursion / Sub-Threshold
VIO-AUT23-PER-L10-Turn3,2023_Austrian_Grand_Prix_Race,PER,10,Turn 3,18.87,19.91,1.04,144.1,5.28,-943.81,618.88,10,SPATIAL_SHAPELY,0.99,False,Unpenalized Excursion / Sub-Threshold
VIO-AUT23-PER-L10-Turn4,2023_Austrian_Grand_Prix_Race,PER,10,Turn 4,36.51,39.63,3.12,118.0,5.5,-167.55,526.16,25,SPATIAL_SHAPELY,0.99,False,Unpenalized Excursion / Sub-Threshold
VIO-AUT23-PER-L10-Turn6,2023_Austrian_Grand_Prix_Race,PER,10,Turn 6,44.47,45.58,1.1,187.0,1.45,-558.53,466.14,10,SPATIAL_SHAPELY,0.82,False,Unpenalized Excursion / Sub-Threshold
VIO-AUT23-PER-L10-Turn7,2023_Austrian_Grand_Prix_Race,PER,10,Turn 7,52.9,54.51,1.62,214.6,6.76,-367.1,251.59,13,SPATIAL_SHAPELY,0.99,False,Unpenalized Excursion / Sub-Threshold
VIO-AUT23-PER-L10-Turn9,2023_Austrian_Grand_Prix_Race,PER,10,Turn 9,61.34,61.95,0.62,213.0,2.76,221.03,304.37,7,SPATIAL_SHAPELY,0.92,False,Unpenalized Excursion / Sub-Threshold
VIO-AUT23-PER-L11-Turn1,2023_Austrian_Grand_Prix_Race,PER,11,Turn 1,2.38,4.87,2.5,229.5,1.42,-369.32,-107.11,20,SPATIAL_SHAPELY,0.81,True,TRACK LIMITS AT TURN 9 LAP 11 
VIO-AUT23-PER-L11-Turn3,2023_Austrian_Grand_Prix_Race,PER,11,Turn 3,18.79,20.07,1.28,137.7,5.21,-943.61,618.78,10,SPATIAL_SHAPELY,0.99,True,TRACK LIMITS AT TURN 9 LAP 11 
VIO-AUT23-PER-L11-Turn4,2023_Austrian_Grand_Prix_Race,PER,11,Turn 4,36.42,39.55,3.14,133.0,5.51,-175.77,515.22,26,SPATIAL_SHAPELY,0.99,True,TRACK LIMITS AT TURN 9 LAP 11 
VIO-AUT23-PER-L11-Turn6,2023_Austrian_Grand_Prix_Race,PER,11,Turn 6,44.31,45.77,1.46,172.0,1.43,-570.46,460.96,12,SPATIAL_SHAPELY,0.81,True,TRACK LIMITS AT TURN 9 LAP 11 
VIO-AUT23-PER-L11-Turn7,2023_Austrian_Grand_Prix_Race,PER,11,Turn 7,52.88,54.66,1.78,203.1,6.68,-368.11,250.79,14,SPATIAL_SHAPELY,0.99,True,TRACK LIMITS AT TURN 9 LAP 11 
VIO-AUT23-PER-L11-Turn9,2023_Austrian_Grand_Prix_Race,PER,11,Turn 9,61.48,62.42,0.94,208.7,2.69,221.09,304.4,8,SPATIAL_SHAPELY,0.92,True,TRACK LIMITS AT TURN 9 LAP 11 
VIO-AUT23-PER-L12-Turn1,2023_Austrian_Grand_Prix_Race,PER,12,Turn 1,2.43,4.91,2.48,240.0,1.38,-357.64,-103.95,20,SPATIAL_SHAPELY,0.81,False,Unpenalized Excursion / Sub-Threshold
VIO-AUT23-PER-L12-Turn3,2023_Austrian_Grand_Prix_Race,PER,12,Turn 3,18.77,19.69,0.92,165.0,5.3,-942.53,617.57,7,SPATIAL_SHAPELY,0.99,False,Unpenalized Excursion / Sub-Threshold
VIO-AUT23-PER-L12-Turn4,2023_Austrian_Grand_Prix_Race,PER,12,Turn 4,36.07,39.15,3.08,134.0,5.62,-172.15,519.75,24,SPATIAL_SHAPELY,0.99,False,Unpenalized Excursion / Sub-Threshold
VIO-AUT23-PER-L12-Turn6,2023_Austrian_Grand_Prix_Race,PER,12,Turn 6,43.81,45.07,1.26,183.0,1.4,-570.24,461.1,10,SPATIAL_SHAPELY,0.81,False,Unpenalized Excursion / Sub-Threshold
VIO-AUT23-PER-L12-Turn7,2023_Austrian_Grand_Prix_Race,PER,12,Turn 7,52.07,53.63,1.56,217.1,6.71,-368.51,250.39,13,SPATIAL_SHAPELY,0.99,False,Unpenalized Excursion / Sub-Threshold
VIO-AUT23-PER-L12-Turn9,2023_Austrian_Grand_Prix_Race,PER,12,Turn 9,60.55,61.13,0.58,229.4,2.69,210.21,309.1,6,SPATIAL_SHAPELY,0.91,False,Unpenalized Excursion / Sub-Threshold
VIO-AUT23-PER-L12-Turn10,2023_Austrian_Grand_Prix_Race,PER,12,Turn 10,67.45,70.28,2.83,269.0,2.38,3.13,-6.64,23,SPATIAL_SHAPELY,0.89,False,Unpenalized Excursion / Sub-Threshold
VIO-AUT23-PER-L13-Turn1,2023_Austrian_Grand_Prix_Race,PER,13,Turn 1,2.59,5.19,2.6,193.1,1.39,-377.27,-109.21,23,SPATIAL_SHAPELY,0.81,False,Unpenalized Excursion / Sub-Threshold
VIO-AUT23-PER-L13-Turn3,2023_Austrian_Grand_Prix_Race,PER,13,Turn 3,19.43,20.73,1.3,117.0,5.3,-948.47,623.51,12,SPATIAL_SHAPELY,0.99,False,Unpenalized Excursion / Sub-Threshold
VIO-AUT23-PER-L13-Turn4,2023_Austrian_Grand_Prix_Race,PER,13,Turn 4,37.02,40.07,3.04,132.0,5.53,-172.91,518.89,22,SPATIAL_SHAPELY,0.99,False,Unpenalized Excursion / Sub-Threshold
VIO-AUT23-PER-L13-Turn6,2023_Austrian_Grand_Prix_Race,PER,13,Turn 6,44.83,45.94,1.12,190.0,1.56,-559.92,465.58,11,SPATIAL_SHAPELY,0.83,False,Unpenalized Excursion / Sub-Threshold
VIO-AUT23-PER-L13-Turn7,2023_Austrian_Grand_Prix_Race,PER,13,Turn 7,53.15,54.69,1.54,208.3,6.71,-368.51,250.39,12,SPATIAL_SHAPELY,0.99,False,Unpenalized Excursion / Sub-Threshold
VIO-AUT23-PER-L13-Turn9,2023_Austrian_Grand_Prix_Race,PER,13,Turn 9,61.46,61.94,0.48,233.0,2.81,216.72,306.38,5,SPATIAL_SHAPELY,0.92,False,Unpenalized Excursion / Sub-Threshold
VIO-AUT23-PER-L13-Turn10,2023_Austrian_Grand_Prix_Race,PER,13,Turn 10,68.23,71.22,2.99,272.0,1.59,3.91,-6.37,24,SPATIAL_SHAPELY,0.83,False,Unpenalized Excursion / Sub-Threshold
VIO-AUT23-PER-L14-Turn1,2023_Austrian_Grand_Prix_Race,PER,14,Turn 1,2.49,5.12,2.64,188.0,1.45,-382.26,-110.61,24,SPATIAL_SHAPELY,0.82,False,Unpenalized Excursion / Sub-Threshold
VIO-AUT23-PER-L14-Turn3,2023_Austrian_Grand_Prix_Race,PER,14,Turn 3,19.36,20.73,1.36,125.0,5.13,-946.32,621.58,12,SPATIAL_SHAPELY,0.99,False,Unpenalized Excursion / Sub-Threshold
VIO-AUT23-PER-L14-Turn4,2023_Austrian_Grand_Prix_Race,PER,14,Turn 4,37.04,40.24,3.2,134.4,5.5,-172.15,519.95,24,SPATIAL_SHAPELY,0.99,False,Unpenalized Excursion / Sub-Threshold
VIO-AUT23-PER-L14-Turn6,2023_Austrian_Grand_Prix_Race,PER,14,Turn 6,45.0,46.24,1.24,181.8,1.58,-560.65,465.34,11,SPATIAL_SHAPELY,0.83,False,Unpenalized Excursion / Sub-Threshold
VIO-AUT23-PER-L14-Turn7,2023_Austrian_Grand_Prix_Race,PER,14,Turn 7,55.8,58.68,2.88,123.9,6.74,-368.92,249.99,24,SPATIAL_SHAPELY,0.99,False,Unpenalized Excursion / Sub-Threshold
VIO-AUT23-PER-L14-Turn9,2023_Austrian_Grand_Prix_Race,PER,14,Turn 9,67.69,68.83,1.14,173.3,2.84,222.09,303.71,9,SPATIAL_SHAPELY,0.93,False,Unpenalized Excursion / Sub-Threshold
VIO-AUT23-PER-L14-Turn10,2023_Austrian_Grand_Prix_Race,PER,14,Turn 10,76.41,80.21,3.8,212.4,2.33,2.67,-6.68,33,SPATIAL_SHAPELY,0.89,False,Unpenalized Excursion / Sub-Threshold
VIO-AUT23-PER-L15-Turn1,2023_Austrian_Grand_Prix_Race,PER,15,Turn 1,3.56,6.88,3.32,214.0,1.42,-356.47,-103.67,30,SPATIAL_SHAPELY,0.81,False,Unpenalized Excursion / Sub-Threshold
VIO-AUT23-PER-L15-Turn3,2023_Austrian_Grand_Prix_Race,PER,15,Turn 3,24.48,26.4,1.92,105.2,5.21,-944.32,619.48,15,SPATIAL_SHAPELY,0.99,False,Unpenalized Excursion / Sub-Threshold
VIO-AUT23-PER-L15-Turn4,2023_Austrian_Grand_Prix_Race,PER,15,Turn 4,48.4,52.32,3.92,113.5,5.5,-173.36,518.35,29,SPATIAL_SHAPELY,0.99,False,Unpenalized Excursion / Sub-Threshold
VIO-AUT23-PER-L15-Turn6,2023_Austrian_Grand_Prix_Race,PER,15,Turn 6,58.04,59.6,1.56,153.3,1.49,-566.09,463.04,13,SPATIAL_SHAPELY,0.82,False,Unpenalized Excursion / Sub-Threshold
VIO-AUT23-PER-L15-Turn7,2023_Austrian_Grand_Prix_Race,PER,15,Turn 7,68.84,71.34,2.5,150.0,6.7,-370.21,248.85,21,SPATIAL_SHAPELY,0.99,False,Unpenalized Excursion / Sub-Threshold
VIO-AUT23-PER-L15-Turn9,2023_Austrian_Grand_Prix_Race,PER,15,Turn 9,81.2,82.3,1.1,159.7,2.81,212.13,308.3,11,SPATIAL_SHAPELY,0.92,False,Unpenalized Excursion / Sub-Threshold
VIO-AUT23-PER-L15-Turn10,2023_Austrian_Grand_Prix_Race,PER,15,Turn 10,89.42,93.27,3.85,164.0,1.61,1.93,-6.96,33,SPATIAL_SHAPELY,0.83,False,Unpenalized Excursion / Sub-Threshold
VIO-AUT23-PER-L16-Turn1,2023_Austrian_Grand_Prix_Race,PER,16,Turn 1,4.19,7.77,3.58,215.0,1.41,-352.06,-102.48,28,SPATIAL_SHAPELY,0.81,False,Unpenalized Excursion / Sub-Threshold
VIO-AUT23-PER-L16-Turn3,2023_Austrian_Grand_Prix_Race,PER,16,Turn 3,22.67,24.25,1.58,133.0,5.22,-944.16,619.3,14,SPATIAL_SHAPELY,0.99,False,Unpenalized Excursion / Sub-Threshold
VIO-AUT23-PER-L16-Turn4,2023_Austrian_Grand_Prix_Race,PER,16,Turn 4,40.37,43.67,3.3,123.0,5.69,-167.42,526.02,26,SPATIAL_SHAPELY,0.99,False,Unpenalized Excursion / Sub-Threshold
VIO-AUT23-PER-L16-Turn6,2023_Austrian_Grand_Prix_Race,PER,16,Turn 6,48.17,49.49,1.32,187.4,1.55,-558.53,466.04,12,SPATIAL_SHAPELY,0.82,False,Unpenalized Excursion / Sub-Threshold
VIO-AUT23-PER-L16-Turn7,2023_Austrian_Grand_Prix_Race,PER,16,Turn 7,56.79,58.17,1.38,221.0,6.68,-370.08,249.01,12,SPATIAL_SHAPELY,0.99,False,Unpenalized Excursion / Sub-Threshold
VIO-AUT23-PER-L16-Turn9,2023_Austrian_Grand_Prix_Race,PER,16,Turn 9,64.97,65.57,0.6,230.0,2.8,213.41,307.85,7,SPATIAL_SHAPELY,0.92,False,Unpenalized Excursion / Sub-Threshold
VIO-AUT23-PER-L16-Turn10,2023_Austrian_Grand_Prix_Race,PER,16,Turn 10,69.29,70.97,1.68,181.3,6.2,271.34,77.58,11,SPATIAL_SHAPELY,0.99,False,Unpenalized Excursion / Sub-Threshold
VIO-AUT23-PER-L17-Turn1,2023_Austrian_Grand_Prix_Race,PER,17,Turn 1,2.64,5.34,2.7,220.0,1.39,-366.03,-106.21,23,SPATIAL_SHAPELY,0.81,True,TRACK LIMITS AT TURN 10 LAP 17 
VIO-AUT23-PER-L17-Turn3,2023_Austrian_Grand_Prix_Race,PER,17,Turn 3,19.18,20.72,1.54,130.1,5.21,-943.81,618.98,9,SPATIAL_SHAPELY,0.99,True,TRACK LIMITS AT TURN 10 LAP 17 
VIO-AUT23-PER-L17-Turn4,2023_Austrian_Grand_Prix_Race,PER,17,Turn 4,36.88,39.64,2.76,137.1,5.56,-171.54,520.65,24,SPATIAL_SHAPELY,0.99,True,TRACK LIMITS AT TURN 10 LAP 17 
VIO-AUT23-PER-L17-Turn6,2023_Austrian_Grand_Prix_Race,PER,17,Turn 6,44.36,45.64,1.28,191.8,1.62,-562.46,464.64,11,SPATIAL_SHAPELY,0.83,True,TRACK LIMITS AT TURN 10 LAP 17 
VIO-AUT23-PER-L17-Turn7,2023_Austrian_Grand_Prix_Race,PER,17,Turn 7,52.56,54.08,1.52,219.4,6.74,-370.22,248.8,14,SPATIAL_SHAPELY,0.99,True,TRACK LIMITS AT TURN 10 LAP 17 
VIO-AUT23-PER-L17-Turn9,2023_Austrian_Grand_Prix_Race,PER,17,Turn 9,60.98,61.32,0.34,232.4,2.64,219.17,305.4,4,SPATIAL_SHAPELY,0.91,True,TRACK LIMITS AT TURN 10 LAP 17 
VIO-AUT23-PER-L17-Turn10,2023_Austrian_Grand_Prix_Race,PER,17,Turn 10,67.54,70.29,2.75,273.0,1.34,1.65,-7.0,22,SPATIAL_SHAPELY,0.81,True,TRACK LIMITS AT TURN 10 LAP 17 
VIO-AUT23-PER-L18-Turn1,2023_Austrian_Grand_Prix_Race,PER,18,Turn 1,2.59,5.23,2.64,193.0,1.35,-384.33,-111.07,21,SPATIAL_SHAPELY,0.81,True,TRACK LIMITS AT TURN 10 (NEXT LAP)
VIO-AUT23-PER-L18-Turn3,2023_Austrian_Grand_Prix_Race,PER,18,Turn 3,19.07,20.75,1.68,133.0,5.38,-944.86,619.78,12,SPATIAL_SHAPELY,0.99,True,TRACK LIMITS AT TURN 10 (NEXT LAP)
VIO-AUT23-PER-L18-Turn4,2023_Austrian_Grand_Prix_Race,PER,18,Turn 4,36.67,39.79,3.12,140.0,5.62,-173.79,517.57,25,SPATIAL_SHAPELY,0.99,True,TRACK LIMITS AT TURN 10 (NEXT LAP)
VIO-AUT23-PER-L18-Turn6,2023_Austrian_Grand_Prix_Race,PER,18,Turn 6,44.21,45.59,1.38,198.1,1.59,-561.56,465.04,12,SPATIAL_SHAPELY,0.83,True,TRACK LIMITS AT TURN 10 (NEXT LAP)
VIO-AUT23-PER-L18-Turn7,2023_Austrian_Grand_Prix_Race,PER,18,Turn 7,52.47,54.23,1.76,220.5,6.63,-362.67,255.69,14,SPATIAL_SHAPELY,0.99,True,TRACK LIMITS AT TURN 10 (NEXT LAP)
VIO-AUT23-PER-L18-Turn9,2023_Austrian_Grand_Prix_Race,PER,18,Turn 9,60.95,61.27,0.32,226.0,3.05,219.32,304.87,4,SPATIAL_SHAPELY,0.94,True,TRACK LIMITS AT TURN 10 (NEXT LAP)
VIO-AUT23-PER-L18-Turn10,2023_Austrian_Grand_Prix_Race,PER,18,Turn 10,67.59,70.4,2.81,273.0,1.37,1.68,-6.99,27,SPATIAL_SHAPELY,0.81,True,TRACK LIMITS AT TURN 10 (NEXT LAP)
VIO-AUT23-PER-L19-Turn1,2023_Austrian_Grand_Prix_Race,PER,19,Turn 1,2.59,5.17,2.58,200.0,1.45,-384.27,-111.16,15,SPATIAL_SHAPELY,0.82,False,Unpenalized Excursion / Sub-Threshold
VIO-AUT23-PER-L19-Turn3,2023_Austrian_Grand_Prix_Race,PER,19,Turn 3,19.15,20.35,1.2,136.9,5.28,-943.81,618.88,10,SPATIAL_SHAPELY,0.99,False,Unpenalized Excursion / Sub-Threshold
VIO-AUT23-PER-L19-Turn4,2023_Austrian_Grand_Prix_Race,PER,19,Turn 4,36.87,39.89,3.02,140.0,5.58,-171.74,520.35,23,SPATIAL_SHAPELY,0.99,False,Unpenalized Excursion / Sub-Threshold
VIO-AUT23-PER-L19-Turn6,2023_Austrian_Grand_Prix_Race,PER,19,Turn 6,44.47,45.55,1.08,196.4,1.36,-567.8,462.34,10,SPATIAL_SHAPELY,0.81,False,Unpenalized Excursion / Sub-Threshold
VIO-AUT23-PER-L19-Turn7,2023_Austrian_Grand_Prix_Race,PER,19,Turn 7,52.41,53.95,1.54,222.0,6.71,-366.28,252.38,11,SPATIAL_SHAPELY,0.99,False,Unpenalized Excursion / Sub-Threshold
VIO-AUT23-PER-L19-Turn9,2023_Austrian_Grand_Prix_Race,PER,19,Turn 9,60.79,61.51,0.72,226.0,2.76,225.22,302.03,7,SPATIAL_SHAPELY,0.92,False,Unpenalized Excursion / Sub-Threshold
VIO-AUT23-PER-L20-Turn1,2023_Austrian_Grand_Prix_Race,PER,20,Turn 1,2.57,4.87,2.3,247.1,1.4,-351.49,-102.32,16,SPATIAL_SHAPELY,0.81,False,Unpenalized Excursion / Sub-Threshold
VIO-AUT23-PER-L20-Turn3,2023_Austrian_Grand_Prix_Race,PER,20,Turn 3,19.18,20.39,1.2,141.0,5.28,-944.82,619.88,12,SPATIAL_SHAPELY,0.99,False,Unpenalized Excursion / Sub-Threshold
VIO-AUT23-PER-L20-Turn4,2023_Austrian_Grand_Prix_Race,PER,20,Turn 4,37.23,40.15,2.92,136.5,5.52,-172.95,518.85,24,SPATIAL_SHAPELY,0.99,False,Unpenalized Excursion / Sub-Threshold
VIO-AUT23-PER-L20-Turn6,2023_Austrian_Grand_Prix_Race,PER,20,Turn 6,44.97,46.25,1.28,186.0,1.45,-555.58,466.91,10,SPATIAL_SHAPELY,0.82,False,Unpenalized Excursion / Sub-Threshold
VIO-AUT23-PER-L20-Turn7,2023_Austrian_Grand_Prix_Race,PER,20,Turn 7,53.39,54.95,1.56,206.9,6.78,-368.51,250.29,13,SPATIAL_SHAPELY,0.99,False,Unpenalized Excursion / Sub-Threshold
VIO-AUT23-PER-L20-Turn9,2023_Austrian_Grand_Prix_Race,PER,20,Turn 9,61.59,62.41,0.82,228.2,2.72,216.66,306.5,8,SPATIAL_SHAPELY,0.92,False,Unpenalized Excursion / Sub-Threshold
VIO-AUT23-PER-L21-Turn1,2023_Austrian_Grand_Prix_Race,PER,21,Turn 1,2.4,4.76,2.36,239.1,1.38,-362.77,-105.32,19,SPATIAL_SHAPELY,0.81,False,Unpenalized Excursion / Sub-Threshold
VIO-AUT23-PER-L21-Turn3,2023_Austrian_Grand_Prix_Race,PER,21,Turn 3,18.84,20.08,1.24,138.0,5.23,-945.33,620.46,10,SPATIAL_SHAPELY,0.99,False,Unpenalized Excursion / Sub-Threshold
VIO-AUT23-PER-L21-Turn4,2023_Austrian_Grand_Prix_Race,PER,21,Turn 4,36.24,39.4,3.16,128.0,5.7,-168.85,524.04,24,SPATIAL_SHAPELY,0.99,False,Unpenalized Excursion / Sub-Threshold
VIO-AUT23-PER-L21-Turn6,2023_Austrian_Grand_Prix_Race,PER,21,Turn 6,44.0,45.16,1.16,189.0,1.57,-562.56,464.64,12,SPATIAL_SHAPELY,0.83,False,Unpenalized Excursion / Sub-Threshold
VIO-AUT23-PER-L21-Turn7,2023_Austrian_Grand_Prix_Race,PER,21,Turn 7,52.36,54.05,1.68,214.7,6.75,-370.93,248.1,14,SPATIAL_SHAPELY,0.99,False,Unpenalized Excursion / Sub-Threshold
VIO-AUT23-PER-L21-Turn9,2023_Austrian_Grand_Prix_Race,PER,21,Turn 9,60.66,61.2,0.54,228.0,2.56,226.48,301.44,5,SPATIAL_SHAPELY,0.91,False,Unpenalized Excursion / Sub-Threshold
VIO-AUT23-PER-L22-Turn1,2023_Austrian_Grand_Prix_Race,PER,22,Turn 1,2.52,5.06,2.54,245.0,1.4,-352.93,-102.71,21,SPATIAL_SHAPELY,0.81,False,Unpenalized Excursion / Sub-Threshold
VIO-AUT23-PER-L22-Turn3,2023_Austrian_Grand_Prix_Race,PER,22,Turn 3,19.16,20.54,1.38,146.0,5.13,-942.42,617.7,13,SPATIAL_SHAPELY,0.99,False,Unpenalized Excursion / Sub-Threshold
VIO-AUT23-PER-L22-Turn4,2023_Austrian_Grand_Prix_Race,PER,22,Turn 4,37.16,40.34,3.18,122.0,5.54,-166.88,526.98,27,SPATIAL_SHAPELY,0.99,False,Unpenalized Excursion / Sub-Threshold
VIO-AUT23-PER-L22-Turn6,2023_Austrian_Grand_Prix_Race,PER,22,Turn 6,44.86,46.14,1.28,188.0,1.54,-564.46,463.76,11,SPATIAL_SHAPELY,0.82,False,Unpenalized Excursion / Sub-Threshold
VIO-AUT23-PER-L22-Turn7,2023_Austrian_Grand_Prix_Race,PER,22,Turn 7,53.3,55.02,1.72,211.7,6.77,-368.31,250.49,16,SPATIAL_SHAPELY,0.99,False,Unpenalized Excursion / Sub-Threshold
VIO-AUT23-PER-L22-Turn9,2023_Austrian_Grand_Prix_Race,PER,22,Turn 9,61.5,62.3,0.8,231.0,2.74,219.07,305.34,7,SPATIAL_SHAPELY,0.92,False,Unpenalized Excursion / Sub-Threshold
VIO-AUT23-PER-L23-Turn1,2023_Austrian_Grand_Prix_Race,PER,23,Turn 1,2.53,5.13,2.6,248.9,1.38,-348.57,-101.52,23,SPATIAL_SHAPELY,0.81,False,Unpenalized Excursion / Sub-Threshold
VIO-AUT23-PER-L23-Turn3,2023_Austrian_Grand_Prix_Race,PER,23,Turn 3,19.03,20.53,1.5,148.0,5.14,-941.73,617.0,14,SPATIAL_SHAPELY,0.99,False,Unpenalized Excursion / Sub-Threshold
VIO-AUT23-PER-L23-Turn4,2023_Austrian_Grand_Prix_Race,PER,23,Turn 4,37.09,40.05,2.96,140.0,5.59,-171.55,520.59,22,SPATIAL_SHAPELY,0.99,False,Unpenalized Excursion / Sub-Threshold
VIO-AUT23-PER-L23-Turn6,2023_Austrian_Grand_Prix_Race,PER,23,Turn 6,44.77,45.85,1.08,192.6,1.55,-561.05,465.24,10,SPATIAL_SHAPELY,0.82,False,Unpenalized Excursion / Sub-Threshold
VIO-AUT23-PER-L23-Turn7,2023_Austrian_Grand_Prix_Race,PER,23,Turn 7,52.85,54.49,1.64,221.0,6.76,-366.76,251.9,15,SPATIAL_SHAPELY,0.99,False,Unpenalized Excursion / Sub-Threshold
VIO-AUT23-PER-L23-Turn9,2023_Austrian_Grand_Prix_Race,PER,23,Turn 9,61.15,61.93,0.78,232.0,2.82,219.26,305.16,8,SPATIAL_SHAPELY,0.93,False,Unpenalized Excursion / Sub-Threshold
VIO-AUT23-PER-L24-Turn1,2023_Austrian_Grand_Prix_Race,PER,24,Turn 1,2.63,5.05,2.42,258.2,1.4,-365.29,-106.02,19,SPATIAL_SHAPELY,0.81,False,Unpenalized Excursion / Sub-Threshold
VIO-AUT23-PER-L24-Turn3,2023_Austrian_Grand_Prix_Race,PER,24,Turn 3,19.03,20.61,1.58,125.4,5.21,-944.62,619.78,12,SPATIAL_SHAPELY,0.99,False,Unpenalized Excursion / Sub-Threshold
VIO-AUT23-PER-L24-Turn4,2023_Austrian_Grand_Prix_Race,PER,24,Turn 4,36.81,39.91,3.1,137.0,5.58,-172.0,520.02,23,SPATIAL_SHAPELY,0.99,False,Unpenalized Excursion / Sub-Threshold
VIO-AUT23-PER-L24-Turn6,2023_Austrian_Grand_Prix_Race,PER,24,Turn 6,44.49,45.67,1.18,190.0,1.51,-563.66,464.18,11,SPATIAL_SHAPELY,0.82,False,Unpenalized Excursion / Sub-Threshold
VIO-AUT23-PER-L24-Turn7,2023_Austrian_Grand_Prix_Race,PER,24,Turn 7,52.59,54.19,1.6,222.1,6.72,-367.71,251.09,15,SPATIAL_SHAPELY,0.99,False,Unpenalized Excursion / Sub-Threshold
VIO-AUT23-PER-L24-Turn9,2023_Austrian_Grand_Prix_Race,PER,24,Turn 9,60.85,61.55,0.7,248.0,2.97,210.23,308.79,6,SPATIAL_SHAPELY,0.94,False,Unpenalized Excursion / Sub-Threshold
VIO-AUT23-PER-L25-Turn1,2023_Austrian_Grand_Prix_Race,PER,25,Turn 1,2.57,5.05,2.48,212.0,1.41,-372.83,-108.05,17,SPATIAL_SHAPELY,0.81,False,Unpenalized Excursion / Sub-Threshold
VIO-AUT23-PER-L25-Turn3,2023_Austrian_Grand_Prix_Race,PER,25,Turn 3,19.25,20.49,1.24,129.0,5.22,-946.53,621.68,10,SPATIAL_SHAPELY,0.99,False,Unpenalized Excursion / Sub-Threshold
VIO-AUT23-PER-L25-Turn4,2023_Austrian_Grand_Prix_Race,PER,25,Turn 4,36.73,39.79,3.06,136.0,5.54,-174.65,516.6,24,SPATIAL_SHAPELY,0.99,False,Unpenalized Excursion / Sub-Threshold
VIO-AUT23-PER-L25-Turn6,2023_Austrian_Grand_Prix_Race,PER,25,Turn 6,44.35,45.21,0.86,190.0,1.52,-561.89,465.0,8,SPATIAL_SHAPELY,0.82,False,Unpenalized Excursion / Sub-Threshold
VIO-AUT23-PER-L25-Turn7,2023_Austrian_Grand_Prix_Race,PER,25,Turn 7,52.71,54.41,1.7,213.8,6.67,-366.0,252.69,14,SPATIAL_SHAPELY,0.99,False,Unpenalized Excursion / Sub-Threshold
VIO-AUT23-PER-L25-Turn9,2023_Austrian_Grand_Prix_Race,PER,25,Turn 9,61.01,62.23,1.22,165.0,2.77,219.28,305.2,11,SPATIAL_SHAPELY,0.92,False,Unpenalized Excursion / Sub-Threshold
